Data;EMPRESTIMO;SALARY;VACATION;ADVANCE_SALARY;RESCISSION;DEPOSIT;BASIC_FOOD_BASKET;BONUS;COMMISSION;DAILY;FOOD_VOUCHER;FUEL_ASSISTANCE;MEAL_VOURCHER;PIS_PAYMENT;PROFIT_SHARING_PAYMENT;PRO_LABORE_PAYMENT;REWARD;SALARY_DIFFERENCE;THIRTEENTH_SALARY;THIRTEENTH_SALARY_FIRST_INSTALLMENT;THIRTEENTH_SALARY_SECOND_INSTALLMENT;TIP;TRANSPORTATION_VOUCHER;TOTAL_DIA
08/01/2024;1147459,29;0;0;0;0;11329,8;0;0;0;0;0;0;0;0;0;0;0;0;0;0;0;0;0;11329,8
09/01/2024;594173,7;11353866,89;237645,34;0;104214,26;220076,61;40200;0;81498,77;54009,19;107930,42;42539,25;7456,4;0;0;79292,53;146,11;0;0;0;563,44;0;44608,98;12374048,19
10/01/2024;526079,26;12146454,19;142197,52;2815;137209,63;146539,27;200;0;23837,35;15753,08;73843,98;50;11364,35;0;0;0;10246,5;0;750;0;0;500;14723,98;12726484,85
11/01/2024;351669,58;12252333,28;121246,92;1000;96056,42;423695,91;0;0;7578,68;18780,06;17244,13;150;0;0;746;0;831;0;4496,2;0;0;0;13720,33;12957878,93
12/01/2024;247069,42;8856681,95;251381,39;20858,46;352428,53;395709,62;5400;0;14483,12;10490,08;97665,76;20196,8;54479,87;0;0;34818,98;107764,79;0;38827,31;0;0;200;41023,96;10302410,62
13/01/2024;237916,72;104366,85;3314,55;0;0;14955;0;0;0;150;2425,8;1248;0;0;0;0;0;0;0;0;0;0;4249,02;130709,22
14/01/2024;105880,45;802165,88;0;0;9724,86;0;0;0;0;0;0;0;0;0;0;0;0;0;0;0;0;0;0;811890,74
15/01/2024;385214,32;2859566,63;67503,07;8655,74;118465,6;157065,58;52020;0;0;8836,7;17403,65;200;4158,8;0;0;0;11628,15;0;728,4;0;0;0;16326,65;3322558,97
16/01/2024;221290,5;1043757,25;116903,21;14723,71;239664,92;16033,23;4400;0;321124,34;11277,85;29548,91;100;0;0;0;2442;1016,96;0;1287,91;0;0;0;14697,25;1816977,54
17/01/2024;204578,73;1366471,58;52825,79;91306,91;187204,58;338501,39;0;0;279455,21;35761,81;12392,46;1195;0;0;0;37308,94;42610,73;0;1000,79;0;0;0;8486,69;2454521,88
18/01/2024;153964,49;302717,44;181585,12;566831,25;352401,79;161620,53;0;0;1648,64;21650,95;67995,65;0;230;0;0;155448,56;100;0;0;0;0;0;29585,79;1841815,72
19/01/2024;268758,39;521877,31;139330,74;419761,76;258402,14;431768,63;0;0;29047,92;5147,04;7233,55;8834,54;250;0;0;532740,89;7983,46;0;0;0;0;700;52626,88;2415704,86
20/01/2024;222194,35;0;0;0;0;22822,89;0;0;0;5386,16;0;0;0;0;0;0;0;0;0;0;0;200;0;28409,05
21/01/2024;106602;1089052,1;65146,91;1363664,45;172039,06;82591,3;3118,5;0;105240,79;6432,95;29162,49;250;4621,5;0;0;1007,9;6727,43;0;0;0;0;0;105367,66;3034423,04
22/01/2024;167718,64;175613,91;102905,63;303448,62;205262,15;198145,99;0;0;97548,18;6836,73;4498,44;14260,29;500;0;0;148072,92;2377,5;0;0;0;0;0;5581,88;1265052,24
23/01/2024;135035,46;394973,07;14180,38;258834,58;335839,56;160332,27;4800;0;10920,53;7086,71;3637,98;200;0;0;895,72;19045,77;7721,71;0;380,26;0;0;0;5691,85;1224540,39
24/01/2024;123920,66;271473,82;31221,53;807788,52;261375;59751,04;0;0;8187,63;20490,4;3162,05;300;0;0;2387;0;57210,75;0;0;0;0;0;781,8;1524129,54
25/01/2024;182124,69;741793,21;55620,69;2255344,89;220021,85;397233,11;1285,2;0;0;22493,13;14198,95;6530;844,84;0;0;0;20178,23;0;0;0;101,9;0;13594,54;3749240,54
26/01/2024;162238,42;20442,99;1500;105325,03;936,6;300;0;0;0;150;0;0;0;0;0;0;0;0;0;0;0;0;0;128654,62
27/01/2024;124654,99;378201,83;364336,63;127153,03;144473,86;126558,27;0;0;368607,08;24202,6;23118,4;0;860;0;170;22,36;17617,52;0;0;0;0;2085;5845,41;1583251,99
28/01/2024;85855,91;407792,52;92754,1;41608,21;112530,35;128565,98;0;0;1245,59;21277,49;3012,25;650;0;0;0;0;0;0;0;17104,72;0;0;40640,94;867182,15
29/01/2024;113057,16;314699,17;117299,25;19488;384505,15;43665,77;0;0;12462,1;8763,62;3346;2819,23;70;0;0;0;8379;0;0;0;0;0;12973,7;928470,99
30/01/2024;169822,4;885822,24;578556,36;27725,22;294090,9;251344,75;0;0;2750;22416,16;2061,89;100;0;0;0;0;5050,8;0;0;0;0;0;23735,93;2093654,25
31/01/2024;656082,08;135989,14;250243,33;7726,93;185503,24;44207,82;0;0;2925;12769,97;19775,66;7251,85;500;0;0;0;8675,42;0;0;0;0;700;3271,1;679539,46
01/02/2024;689025,49;3313,33;0;0;22753,64;2000;0;0;0;0;0;0;0;0;0;0;0;0;0;0;0;0;0;28066,97
02/02/2024;631417,17;0;9312,32;0;0;1358,3;0;0;0;0;0;0;0;0;0;0;0;0;0;0;0;0;0;10670,62
03/02/2024;338901,87;1021698,43;657848,86;0;360200,22;127053,35;0;0;0;20631,42;18275,6;450;7554,35;0;0;0;128,92;0;0;0;0;0;5572,24;2219413,39
04/02/2024;143103,36;5235857,31;424866,78;1345,68;130897,3;248942,6;0;0;5;8821;985,08;0;4318,43;0;20019,16;0;5240;0;0;10994,12;0;0;31542,56;6123835,02
05/02/2024;1154815,6;5309355,78;124093,44;700;371125,41;181800,53;38272,5;0;6426,76;4893,06;54063,41;22885,7;315;0;30095,3;411063,09;15042,85;0;0;0;0;0;429161,05;6999293,88
06/02/2024;2268019,82;6316507,18;368466,92;0;158038,74;277394,85;21400;0;67875,34;8178,46;99181,74;24119;4503,96;0;1221,6;113769,75;23218,56;0;20,81;0;0;0;44133,37;7528030,28
07/02/2024;1856746,4;15424452,44;445944,6;5000;340770,43;183196,29;0;0;0;7013,51;17167,2;21964,13;29343,23;0;0;38328,16;17589;0;2000;0;0;0;87440,36;16620209,35
08/02/2024;886720,88;42500;4588,1;0;9824,42;30257;0;0;0;0;0;605,4;0;0;0;0;0;0;0;0;0;0;315,01;88089,93
09/02/2024;865405,03;158013,23;0;0;5362,57;28533,61;0;0;0;0;0;0;0;0;0;0;0;0;0;0;0;0;0;191909,41
10/02/2024;405031,58;16253620,49;45280,01;36286,16;268110,38;662076,83;3800;0;8270,56;5805;46794,13;2644;172,5;0;1536,1;81570,51;75665,88;0;11062,67;0;0;0;15599,6;17518294,82
11/02/2024;194341,88;14737640,95;69571,59;50235,2;1694383,15;261100;420;0;0;11879,97;3462,43;0;105;0;0;151323,17;57808,63;0;5703,16;0;12350,2;0;20409,42;17076392,87
12/02/2024;242391,79;5772493,55;104229,01;1809,7;824311,46;301671,15;51300;0;26927,2;8355,87;34674,77;150;80;0;0;487209,01;15321,58;0;11496,35;1139,96;0;19,97;43527,49;7684717,07
13/02/2024;192514,56;1562371,56;198284,07;353817,48;405399,6;235099,62;340;0;240202,05;2562,5;122912,57;1690,54;700;0;0;0;44296,3;0;0;2540,61;0;0;52052,37;3222269,27
14/02/2024;314142,71;1596374,69;70277;565883,43;801734,23;340794,62;1360;0;130779,15;35365,86;10365,12;4350;0;0;30000;216804,84;18201,89;0;12000;0;0;0;9263,7;3843554,53
15/02/2024;312321,65;0;3773,2;0;13676,2;0;0;0;0;1850;0;0;0;0;0;0;0;0;0;0;0;0;21099,6;40399
16/02/2024;374729,24;0;0;0;0;0;0;0;0;0;0;0;0;0;0;0;0;0;0;0;0;0;21377,18;21377,18
17/02/2024;225150,3;175106,4;10721,98;20275,61;9344,83;40265,58;0;0;0;2875;1478;0;0;0;0;0;2800;0;0;0;0;0;100;262967,4
18/02/2024;117904,56;1332,69;3056,52;0;11773,47;8504,39;0;0;1620,63;150;0;0;0;0;0;0;1545;0;0;0;0;0;210;28192,7
19/02/2024;206331,73;108234,75;127822,21;366628,64;112457,52;162753,08;500;0;8559,81;11301,38;5184,82;585;0;0;0;0;810;0;0;0;0;0;2953,52;907790,73
20/02/2024;271748,26;1516669,31;552800,63;916032,79;413822,6;140549,66;3118,5;0;61379,43;17701,71;9913,26;390;1976,7;0;53516,98;38701,56;8581,67;0;0;0;0;0;108857,24;3844012,04
21/02/2024;167646,36;796136,69;249020,36;1102711,55;380751,28;278179,97;2537,5;0;57315,75;29117,19;5500,65;10562,87;630,2;0;623,04;0;4474,87;0;0;0;0;0;41140,62;2958702,54
22/02/2024;161303,22;0;2620,14;2400;13223,36;0;0;0;0;300;591;0;0;0;0;0;0;0;0;0;0;0;2994,4;22128,9
23/02/2024;165333,8;0;26190,3;0;7243,39;0;0;0;0;0;0;0;0;0;0;0;0;0;0;0;0;0;0;33433,69
24/02/2024;146813,81;248545,88;37396,88;1669589,42;184974,06;105393,02;0;0;9121;36300,76;25993,78;7125,22;4219,58;0;0;60100;41102,75;0;0;0;0;0;11514,78;2441377,13
25/02/2024;94569,48;960695,07;310608,12;1545273,03;148516,83;332838,29;200;0;54900,85;30998,04;7174,41;0;240,32;0;0;2449,79;40926,8;0;0;0;0;0;10082,46;3444904,01
26/02/2024;151718,12;112315,02;65293,43;339135,27;92615;107774,92;200;0;16820,47;10474,82;4159,2;2441,9;0;0;0;35307,27;200;0;0;0;0;0;25096,03;811833,33
27/02/2024;119167,54;87413,44;224529,88;29442,48;241564,26;188047,05;0;0;1099,23;4785;1705,31;730;32;0;86736,78;23500;3272,78;0;0;0;0;0;8397,8;901256,01
28/02/2024;116142,2;444632,22;105851,32;685,52;291061,21;275700,82;0;0;0;15037,08;5277,47;7130;931,12;0;31179,56;0;3111;0;0;16912,06;0;0;6518,38;1204027,76
29/02/2024;830823,06;846,23;2871,14;0;1426,73;72,69;0;0;0;6565,3;0;0;0;0;0;0;4475;0;0;0;0;0;0;16257,09
01/03/2024;869799,94;0;0;0;0;0;0;0;0;0;0;0;0;0;0;0;0;0;0;0;0;0;2526,4;2526,4
02/03/2024;456860,46;513732,05;264157,32;100;109481,22;78360,97;4800;0;0;15072,76;21046,6;543,74;4313,8;0;509602,29;12548,58;19941,4;0;0;0;0;0;5281,96;1558982,69
03/03/2024;154616,05;530110,94;1422440,65;0;200801,28;123799,76;0;0;0;14653,85;0;0;100,16;0;91702,1;25812,7;381,53;0;0;0;0;0;28190,62;2437993,59
04/03/2024;510505,47;3753752,95;201250,06;62922,79;313274,07;109249,81;4389,05;0;7743,09;27121,41;5853,7;271,01;0;0;522594,57;151181,43;5057,11;0;0;8178,45;0;0;39253,68;5212093,18
05/03/2024;1204998,65;8583932,34;400925,65;6000;155809,37;324300,54;45400;0;2000;5474,72;109560,43;47068,72;7794,28;0;790145,24;413515,49;13867,17;0;2800;0;0;0;500033,31;11408627,26
06/03/2024;1826082,33;4373249,27;748136,52;812,23;262685,09;278351,06;1390;0;34862,69;12974,3;80951,66;8431;3506,5;0;114532,23;162521,3;15203,51;0;0;0;0;0;30798,12;6128405,48
07/03/2024;2408165,96;291379,57;7772,52;0;1836,64;0;0;0;0;0;0;0;0;0;0;0;0;0;0;0;0;0;0;300988,73
08/03/2024;1280366,12;18384843,67;250768,22;7318,37;169815,06;282871,32;300;0;622;10686,73;58488,58;2413,32;4386,8;0;1605,19;2700;774;0;0;5101,6;0;0;14144,49;19196839,35
09/03/2024;669160,1;17984566,16;241557,48;1000;307784,49;265104,16;3230;0;7576;45685,06;43755,39;3856,12;39833,75;0;0;1306,1;76471,57;0;0;0;0;0;24399,39;19046125,67
10/03/2024;315417,52;14001818,25;813328,89;17918,3;257035,88;233373,09;19190;0;9431,85;21742,55;72659;3057,18;246,96;0;7300,97;539647,84;51266,18;0;0;0;0;0;22880,17;16070897,11
11/03/2024;585110,76;5018360,87;178935,5;2043,22;120068,27;319428,26;5599;0;32109,16;17872,43;21059,93;0;123,48;0;68388,48;153116,44;22857,16;0;0;0;0;0;16695,35;5976657,55
12/03/2024;408474,39;3386611,64;188258,59;7743,18;189200,49;464628,07;41480;0;213858,8;6060,82;28488,69;7526,95;385;0;403,87;1700;15081,28;0;4482,76;1588,5;1200;0;54858,72;4613557,36
13/03/2024;324316,17;29570,22;6984,44;0;812,97;0;0;0;0;286;0;0;0;0;0;0;311;0;0;0;0;0;0;37964,63
14/03/2024;288406,81;69929,32;0;0;66854,42;1995,79;0;0;0;195;0;600;0;0;0;0;0;0;0;0;0;0;0;139574,53
15/03/2024;359551,79;610641,47;45676,19;1082;318709,64;162121,31;340;0;10697;22122,9;25876,93;2350,58;0;0;0;59400;42849,07;0;0;0;0;0;66249,31;1368116,4
16/03/2024;226680,35;373739,31;118571,48;79048,7;179173,67;51788,89;980;0;81920,16;26768,32;1744,52;850;0;0;0;4521,93;12524,4;0;0;0;0;0;44625,86;976257,24
17/03/2024;123968,72;1559526,09;74495,65;469531,64;253948,81;221664,26;5213;0;7585,63;17254,58;3519,66;200;0;0;211,8;70850,78;4056,3;0;0;0;0;0;18885,92;2706944,12
18/03/2024;186549,14;313333,06;243899,63;2114608,08;216190,01;141765,59;0;0;32522,56;23855,85;3580;170;0;0;9656,72;0;3125,56;0;0;0;0;0;58909,1;3161616,16
19/03/2024;182044,71;1353588,25;196556,89;710203,19;393556,31;258941,13;2312,5;0;63167,29;45955,79;7118,1;10780,22;452;0;1538,3;24606,1;8723,16;0;0;0;0;0;27879,76;3105378,99
20/03/2024;252390,43;0;0;2955,65;0;7817,47;0;0;0;150;0;0;0;0;0;0;0;0;0;0;0;0;0;10923,12
21/03/2024;188493,55;0;0;0;0;7180,38;0;0;0;0;0;0;0;0;0;0;0;0;0;0;0;0;0;7180,38
22/03/2024;168479,05;143038,51;215750,32;1522634,52;449044,64;387203,63;0;0;38086,64;24371,62;21270,83;1480;90;0;0;56860,18;50815,51;0;753,58;1500;0;50;12194,01;2925143,99
23/03/2024;142816,47;48508,33;11473,58;262272,59;57145,69;8585,48;0;0;0;230;0;430;0;0;0;0;0;0;0;0;0;0;2418,68;391064,35
24/03/2024;103458,18;1017608,9;81745,25;1877913,25;184777,45;410119,24;0;0;106001,73;28352,45;8212,27;200;0;0;0;0;52622,53;0;0;0;0;0;13003,71;3780556,78
25/03/2024;186084,12;1062561,82;119955,02;87772,08;331188,86;46471,25;0;0;4000;21819,13;1952,87;108;0;0;0;0;2195;0;0;0;0;0;13443,2;1691467,23
26/03/2024;164598,11;358179,13;482737,74;4391,15;307463,88;33376,28;0;0;195;23492,87;9464,67;6650;0;0;0;0;9150,19;0;0;0;0;0;9268,29;1244369,2
27/03/2024;451531,64;0;241522,97;0;2465,8;15731;0;0;0;0;0;0;0;0;0;0;0;0;0;0;0;0;0;259719,77
28/03/2024;765300,72;0;0;0;0;1245,36;0;0;0;0;0;0;0;0;0;0;0;0;0;0;0;0;0;1245,36
29/03/2024;285538,31;533697,35;27003,79;84679,02;91236,64;108013,74;0;0;1050,04;7191,34;800;3562,73;0;0;0;0;0;0;0;0;0;0;26588,01;883822,66
30/03/2024;211917,13;800897,83;447796,6;674,18;354061,45;90323,27;4800;0;0;37436,86;3294,06;680;2599,1;0;0;0;9556,78;0;0;39224,97;0;50;15816,35;1807211,45
31/03/2024;144345,2;6579492,88;1326178,2;0;410087,54;265223,79;70070;0;7042,68;64509,21;2460,5;2747,82;3449;0;8777,82;12548,58;4686;0;0;5355,03;0;0;257905,66;9020534,71
01/04/2024;452512,24;4699103,74;781948,26;683,29;594001,34;372933,92;52072,5;0;0;17625;102912,16;13509,65;4290,01;0;234,1;536937,86;7500;0;0;0;0;0;235106,4;7418858,23
02/04/2024;324751,35;328129,35;0;0;5282,68;0;0;0;0;130;0;0;0;0;0;0;126;0;0;0;0;0;22599,9;356267,93
03/04/2024;609764,61;112965,93;5529,04;0;0;665,4;0;0;0;0;2632;1073,5;0;0;0;0;0;0;0;0;0;0;31043,4;153909,27
04/04/2024;1316537,79;5296076,66;419992,09;1000;363617,54;119170,3;10600;0;0;17758,52;112541,03;18358;2780;0;0;254188,66;28235,17;0;0;0;0;0;62622,89;6706940,86
05/04/2024;3695037,57;3222203,04;94817,31;268,38;212145,24;106112,38;0;0;40042,67;51501,22;16240,85;600;858;0;0;540;17,22;0;0;0;0;0;12393,9;3757740,21
06/04/2024;1425206,54;15477216,2;381087,41;40500;157920,45;25397,64;0;0;7703,14;13569,07;58120,61;10773,88;4434,47;0;0;495994,56;1517,66;0;5606,35;0;0;11;15987,9;16695840,34
07/04/2024;470742,05;17510263,7;287425,01;27468,38;148518,7;324322,76;450;0;6088,26;11859,85;20545,22;2181,8;184;0;0;4541,14;120829,43;0;2000;0;0;1;31810,39;18498489,64
08/04/2024;975747,82;20742737,19;179685,6;3288,36;427315,65;462835,35;3030;0;25019,01;8565,32;38592,33;5801,15;0;0;0;7426,34;84153,88;0;0;0;0;0;20567,2;22009017,38
09/04/2024;541367,94;154986,66;0;722,32;36794,64;465;4800;0;3784,69;7567;0;0;0;0;0;0;103,81;0;0;0;0;0;0;209224,12
10/04/2024;617931,04;1098578,43;39499,96;0;0;8797,6;0;0;0;0;0;0;0;0;0;0;150;0;0;0;0;0;0;1147025,99
11/04/2024;321781,38;619510,47;213176,65;3570;267335,41;208261,27;0;0;378498,2;13511,89;37875,29;650;4772,3;0;0;38740,34;19359,15;0;0;0;0;0;26792,03;1832053
12/04/2024;350249,03;315659;259374,46;0;241912,57;215677,32;0;0;6630,07;11626,79;75767,07;291;0;0;0;71982,01;269;0;0;1034,39;0;0;8536,73;1208760,41
13/04/2024;251628,7;1471682,24;69728,76;39035,15;287595,43;248412,08;340;0;10523,91;36833,48;5897,73;671;165;0;0;97377,82;48619,4;0;0;1485,24;0;0;53827,06;2372194,3
14/04/2024;141463,9;162630,53;54619,06;345122,61;227100,01;68908,88;3239,5;0;9442,25;11522,37;4453,46;438;0;0;0;44429,76;4765;0;0;1341,46;0;0;28358,93;966371,82
15/04/2024;389672,12;672082,19;90226,09;1448066,59;560695,32;129545,51;189;0;73836,21;32434,34;30402,15;7016,71;432;0;0;58900;16059,57;0;0;3262,5;0;2,34;51830,18;3174980,7
16/04/2024;219835,97;0;0;17779,38;0;1980;0;0;5452,98;20;0;0;0;0;0;0;0;0;0;0;0;0;0;25232,36
17/04/2024;192042,43;0;0;0;0;0;0;0;0;0;0;0;0;0;0;0;0;0;0;0;0;0;4615,1;4615,1
18/04/2024;184056,9;1192671,22;77561,41;1264785,17;322055,91;133448,02;2362,5;0;13201,82;27128,37;13721,32;14242,68;540;0;0;4521,93;3556,72;0;0;0;0;0;124248,02;3194045,09
19/04/2024;233838,34;326805,11;123716,48;206865,52;109924,19;196869,95;0;0;31955,65;29214,13;15999,66;4775;0;0;0;0;536,71;0;0;0;0;6;1732,95;1048401,35
20/04/2024;221594,87;233368,16;40782,58;423863,84;279878,68;148883,16;0;0;8192,29;10030,86;6702,33;1258;0;0;401;0;1998,62;0;0;0;0;0;20229,07;1175588,59
21/04/2024;116763,03;270798,74;202411,94;886091,51;260976,24;150019,31;0;0;3387,73;15240,87;4314,72;80;0;0;0;0;2123,98;0;0;1250;0;0;5339,11;1802034,15
22/04/2024;155800,15;624978,52;73763,26;1683209,84;445786,24;179444,05;0;0;1642,34;24651,71;16379,98;5290;0;0;0;23300;44424,43;0;0;0;0;0;33854,27;3156724,64
23/04/2024;128346,76;1150;0;174590,43;1105,4;4007,92;0;0;182951,52;300;0;0;0;0;0;0;23592;0;0;0;0;0;0;387697,27
24/04/2024;118721,31;40;2418,34;0;0;1500;0;0;3000;0;0;0;0;0;0;0;8469;0;0;0;0;0;0;15427,34
25/04/2024;165946,02;804578,55;214838,96;157216,46;241678,57;299031,16;0;0;807;17560,75;8885,96;150;4639,7;0;0;0;18081,65;0;0;0;0;0;9376,12;1776844,88
26/04/2024;145354,69;299602,23;266470,4;7874,1;242146,18;86637,54;0;0;183;38482,27;2699,42;249,54;0;0;0;0;1405,22;0;0;102159,31;0;0;16318,91;1064228,12
27/04/2024;136671,31;33193,91;205361,16;130;229614,27;29781,51;340;0;6368,99;23282,66;2041,28;0;225;0;423,6;0;7,65;0;0;0;0;0;3505,58;534275,61
28/04/2024;77921,22;1025851,5;121707,07;151626,36;277126,05;52420,96;0;0;3750;51563,03;6098,89;440;648,6;0;0;2000;9395;0;0;0;0;0;17507,69;1720135,15
29/04/2024;149857,52;1253188,86;837293,5;500;417234,34;89310,71;0;0;11709,05;21368,54;18849,68;7030;1146,53;0;6469,54;2000;9299,6;0;0;7880;0;0;4977,83;2688258,18
30/04/2024;765225,42;0;16674,07;1000;0;5982;0;0;164;390;0;0;0;0;0;0;4451;0;0;0;0;0;0;28661,07
01/05/2024;309206,55;0;0;0;0;0;0;0;0;0;0;0;0;0;0;0;7855;0;0;0;0;0;0;7855
02/05/2024;754813,71;4480499,88;484932,01;800;219989,03;181063,97;0;0;0;32973,2;7980,9;1000;4847,9;0;0;0;0;0;0;14007,1;0;0;107877,1;5535971,09
03/05/2024;1232446,31;6392547,67;1070291,89;2500;153368,24;309883,69;48292,5;0;0;22049,64;187895,87;32805,5;21417,48;0;0;605350,43;17513,44;0;0;10316,08;0;0;524717,75;9398950,18
04/05/2024;668242,19;60374,99;10432,11;0;14527,27;7391,79;2000;0;0;0;300;100;2107;0;0;0;0;0;0;0;0;0;25293,6;122526,76
05/05/2024;279758,71;9528310,47;562736,81;1500;234862,52;168692,64;0;0;38615,38;15419,09;11797,4;213,81;2769,5;0;0;232925,18;8612,95;0;0;2287,87;0;0;39916,74;10848660,36
06/05/2024;955440,98;12298844,67;340611,56;69650;424372,75;693054,26;3220;0;1720;21028,21;33205,1;17969,09;1077,84;0;0;38609,17;91828,64;0;0;0;0;0;36711,92;14071903,21
07/05/2024;2360692,17;555328,02;22325,9;0;4068,17;111769,09;0;0;4535,55;0;2776,81;100;0;0;0;0;49320,73;0;0;0;0;0;0;750224,27
08/05/2024;1930607,89;97327,8;0;0;0;0;0;0;0;0;0;0;0;0;0;0;6509;0;0;0;0;0;0;103836,8
09/05/2024;928714,22;26032070,49;73541,63;2634,18;115343,87;149004,69;3773,33;0;6661,05;21219,5;50309,56;3358;5170,04;0;0;0;54570,97;0;0;3440,56;0;0;18594,5;26539692,37
10/05/2024;818965,94;13185569,59;382344,78;20486,97;289107,56;178083,23;92389,57;0;6830,61;43128,91;35523,61;2056,4;287,5;0;0;514487,79;28895,7;0;0;0;0;0;14088,43;14793280,65
11/05/2024;450001,94;5546096,35;53682,23;0;361577,77;81428,58;7700;0;12449,33;12709,97;90301,81;1216,71;253;0;0;0;4730,3;0;0;3443,02;0;0;11236,59;6186825,66
12/05/2024;244806,96;485458,44;495503,22;293262;248507,56;54070,22;464;0;220281,7;34859,13;26288,8;350;123,48;0;0;183523,44;0;0;1686,13;13162,61;0;0;17341,96;2074882,69
13/05/2024;362612,82;1953477,25;389548,15;21208,58;548947,03;374431,74;0;0;180946,68;19999,91;4173,2;6511,66;587,8;0;0;0;52064;0;0;0;0;0;9199,76;3561095,76
14/05/2024;278983,45;0;0;250;0;6312;0;0;7658,2;300;0;0;0;0;0;0;6646,93;0;0;0;0;0;360;21527,13
15/05/2024;421812,14;0;0;476,27;0;0;0;0;0;0;0;0;0;0;0;4158,61;2192;0;0;0;0;0;0;6826,88
16/05/2024;272997,84;145164,45;181832,72;728383,34;341666,52;371655,69;100;0;3399,38;65492,72;27096,63;1045,48;611;0;0;0;54003,02;0;0;3873,67;0;0;93784,2;2018108,82
17/05/2024;230367,92;301312,36;84829,69;1591138,79;158333,04;82869,73;3400;0;0;26128,61;4348,84;200;0;0;0;108926,6;19309,78;0;0;0;0;0;10813,7;2391611,14
18/05/2024;230976,21;1838057,24;291536,99;1035970,7;306396,44;51738,23;2312,5;0;153845,41;13995,56;146837,92;7512;0;706;0;0;39983,96;0;0;1092,56;0;0;90468,66;3980454,17
19/05/2024;134997,27;575050,95;38356,38;879127,73;232559,88;172698,02;500;0;0;48110,3;8686,05;6546,9;137,72;0;0;0;3241,66;0;0;0;0;0;9739,65;1974755,24
20/05/2024;256869,65;196188,66;105647,33;1211254,53;333885,51;187778,08;0;0;24805,47;4431,58;1535,67;7477;300;0;0;3000;17174,88;0;0;0;0;0;8234,11;2101712,82
21/05/2024;177189,78;37398,47;1741,48;415788,36;31967,99;4855,13;0;0;5653,48;0;0;0;0;0;0;0;736,46;0;0;0;0;0;221,83;498363,2
22/05/2024;137734,7;10737,72;1739,12;0;0;0;0;0;0;0;0;0;0;0;0;0;0;0;0;0;0;0;0;12476,84
23/05/2024;142996,41;652277,78;78750,99;1001102,15;198347,22;314020,84;0;0;378354,68;23779,77;26057,01;519,33;345;0;0;0;51510,48;0;0;2182,04;0;0;19155,89;2746403,18
24/05/2024;166535,16;370069,01;770216,01;144279,76;164541,98;14145,15;0;0;14554,34;8081,35;6547,94;488,96;375;0;0;2000;2956,81;0;4196,37;2759,84;0;0;16044,56;1521257,08
25/05/2024;166827,53;357526,9;83823,4;2063,85;216340,7;60936,97;0;0;7917,86;7944,32;4564,04;600;0;0;0;0;2700;0;1459,19;0;768,47;0;13973,8;760619,5
26/05/2024;103017,42;201472,47;59699,28;29611,66;358740,16;133710,5;0;0;3250;33791,22;1603,02;2260;12730,28;0;0;16731,44;4165;0;0;106523,19;0;0;7025,84;971314,06
27/05/2024;131229,43;87499,93;188850,02;3525,78;337244,39;93013,96;0;0;1045,27;17215,05;991,08;7200;18737,52;0;0;0;13596,2;0;0;0;0;0;19529,56;788448,76
28/05/2024;128100,78;0;0;100;48322,6;0;0;0;6294,84;624;669,9;0;0;0;0;0;0;0;0;0;0;0;660;56671,34
29/05/2024;344973,11;0;3970,13;0;0;0;0;0;0;0;0;0;0;0;0;0;5601;0;0;0;0;0;0;9571,13
30/05/2024;238965,3;585953,86;919213,2;59806,64;432549,7;150355,69;0;0;0;18293,33;4743,92;1050;4543,73;0;0;0;17390,17;0;0;2329,21;0;100,12;289103,98;2485433,55
31/05/2024;824353,34;1075909,8;462276,65;0;390628,15;121285,06;0;0;0;31168;2902,11;1013,82;138,42;0;0;0;3537,58;0;5060;12154,02;0;0;42358,21;2148431,82
01/06/2024;407238,72;6667021,61;942169,2;1250;870203,97;90148,87;0;0;7297;21334,03;30654,18;25627,2;5642;0;0;470305,27;1660;0;0;12302,77;0;0;68482,78;9214098,88
02/06/2024;160913,42;1137108,88;245046,4;0;22580,43;21243,16;0;0;0;358,84;0;183,4;741;0;0;0;0;0;0;0;0;0;30352;1457614,11
03/06/2024;457790,94;15122654,86;867844,03;700;362905,55;385017,77;67765,84;0;0;39953,32;18412,7;16224,9;94355,97;0;0;147081,1;25261,18;0;0;0;0;0;214516,59;17362693,81
04/06/2024;654388,45;325843,43;2460,5;0;0;21714,6;1080;0;5831,97;0;0;0;250,4;0;0;0;0;0;0;0;0;0;5985,95;363166,85
05/06/2024;1310826,68;206466,87;2528,26;0;0;0;0;0;0;0;0;0;0;0;0;0;0;0;0;0;0;0;2485;211480,13
06/06/2024;3005771,1;8038893,71;114624,09;0;281868,05;101519,18;0;0;34764,8;20559,51;15274,4;1273,5;10287,85;0;0;69937,85;13632,21;0;0;0;0;0;31125,8;8733760,95
07/06/2024;2139074,33;9496845,83;177850,73;4050,7;580822,35;161076,99;0;0;1822;19811,64;25971,08;0;627,48;0;0;205341,59;998,89;0;0;0;0;0;47367,88;10722587,16
08/06/2024;771243,71;19620380,49;342170,39;68300;231888,27;430057,14;420;0;15563,66;23646,08;30605,84;2904;665;0;0;0;133366,77;0;0;0;0;1;3583,18;20903551,82
09/06/2024;414497,79;17149774,3;360465,71;29947,12;336382,19;190784,55;66606,67;0;25305,06;20577,87;99984,41;5481,8;434;0;0;149188,8;48932,44;0;0;2519,2;0;0;5134,98;18491519,1
10/06/2024;890843,51;8376868,89;188519,29;540;917841,59;206808,58;5413,33;0;0;99970,06;27451,45;5336,89;0;0;0;0;29035,14;0;0;0;0;0;20748,65;9878533,87
11/06/2024;567262,15;0;0;500;0;0;0;0;5417,69;0;0;9615,07;0;0;0;0;0;0;0;0;0;0;0;15532,76
12/06/2024;440850,46;0;2143,54;0;0;20789;0;0;0;0;0;0;0;0;0;0;0;0;0;0;0;0;0;22932,54
13/06/2024;358803,38;2978206,86;118719,55;3043,22;430925,44;451846,03;3740;0;252577,53;46694,31;13704,81;51396,43;2077,6;0;0;536126,7;66708,94;0;1714,82;1793,5;0;0;9771,06;4969046,8
14/06/2024;490375,96;1601644,04;72540,41;134049,96;246288,79;185412,48;1020;0;130;34781,25;1688,96;7931,37;375;0;3091,04;0;23084,71;0;0;112988,76;0;0;22114,68;2447141,45
15/06/2024;303673,81;705994,62;245253,46;1108004,87;396496,26;22319,38;300;0;9029,63;14980,67;5427,3;4505,03;564;0;0;38265,2;7411,18;0;0;4949,68;0;0;23041,6;2586542,88
16/06/2024;166560,22;828004,9;171100,89;543015,96;282562,21;150158,48;340;0;2605,02;65817,35;23106,35;3017,01;165;0;0;69062,93;800;0;0;33344,46;0;0;67334,07;2240434,63
17/06/2024;277310,14;1325231,99;289595,29;1099605,64;460310,34;182410,82;1940;0;2520;9633,26;95001,66;15348,4;852,5;0;1200;0;35064,66;0;0;1290;1437,99;0;78730,03;3600172,58
18/06/2024;196957,1;925,25;6534,07;0;0;0;0;0;6247,21;0;0;0;0;0;0;0;3236;0;0;0;0;0;0;16942,53
19/06/2024;194835,32;0;19326,72;0;5599,05;0;0;0;0;250;0;50;0;0;0;0;190;0;0;0;0;0;205,8;25621,57
20/06/2024;287418,37;229257,46;75966,98;580997,83;481961,05;133943,88;3233,2;0;7134,35;36125,65;4952,95;8484,88;6930,2;235;0;0;8314,29;0;0;27105,7;0;0;8714,34;1613357,76
21/06/2024;252197,55;393188,68;131025,48;365110,82;702413,89;154237,42;76,66;0;62015,56;20122;10877,81;80;586,24;0;0;3000;47510,7;0;0;14701,42;0;0;10888,72;1915835,4
22/06/2024;183752,99;248366,54;44616,42;1775499,52;256525,15;57865,54;0;0;21170,16;66535,69;1624,1;600;120;0;0;0;1844,2;0;8354,15;0;0;0;7936,34;2491057,81
23/06/2024;115561,41;1121279,57;457572,54;1907708,39;330165,82;345762,92;0;0;1799,43;37007,91;4527,35;200;423,22;0;0;1800;106447,27;0;460;180787,1;0;100;6785,3;4502826,82
24/06/2024;139863,69;249907,06;513739,95;243249,83;497215,58;135886,51;0;0;0;6535,02;791,64;7422,6;462,6;0;0;0;15513,67;0;0;0;0;0;17345,58;1688070,04
25/06/2024;184774,91;600;0;0;0;325,12;0;0;5535,25;0;0;0;0;0;0;0;0;0;0;0;0;0;0;6460,37
26/06/2024;165518,57;600;261536,08;0;0;0;0;0;0;0;0;0;0;0;0;0;0;0;0;0;0;0;0;262136,08
27/06/2024;232564,7;75170,98;949825,83;315,35;214467,66;179560,3;0;0;0;37394,26;4643,43;900;6163,45;0;0;18249,57;4111,88;0;0;68495;0;600;23426,62;1583324,33
28/06/2024;679025,66;1086190,19;765763,42;2850;305434,23;13078,48;0;0;0;19364,04;1066,65;5203,82;660;0;0;0;47271,06;0;1000;62385,99;0;0;296136,59;2606404,47
29/06/2024;354948,77;1611807,19;600735,73;1800;342420,01;59227,01;0;0;11150,31;17744,75;1099,94;0;10217;0;0;0;1636318,22;0;908,61;9895,28;0;0;26039,92;4329363,97
30/06/2024;188059,69;5024414,22;689905,11;61717,31;488977,04;145429,33;8627,33;0;0;36325,46;19675,74;23835,02;12880;0;0;1065073,37;0;0;0;49727,71;0;0;118046,4;7744634,04
01/07/2024;642068,03;6740197,09;926577,83;1570;467219,85;354268,53;20054,87;0;0;5284,11;37834,1;13731,92;3268,74;0;0;281825,22;36039,17;0;5487,54;30170,37;0;0;205521,68;9129051,02
02/07/2024;466146,88;361936,87;0;5390,6;3469,13;0;880;0;0;1270;490;0;0;0;0;0;0;0;0;0;0;0;3225,75;376662,35
03/07/2024;707902,36;209367,25;0;0;0;2700;320;0;0;0;300;100;0;0;0;6000;0;0;0;0;0;0;28082,7;246869,95
04/07/2024;1439252,6;18142345,25;354118,65;0;255821,91;229631,98;52581,63;0;33230,11;41666,65;43781,88;850;108863,45;0;0;105371,1;7025,83;0;0;0;0;0;63419,62;19438708,06
05/07/2024;4574822,71;7516893,05;336075,47;1996,44;184997,04;36648,61;4940;0;622;20576,84;17059,21;180;2029;0;0;124924,7;7279,51;0;0;706,69;0;0;12123,44;8267052
06/07/2024;1303858,92;10187619,7;212384,47;0;322257,84;52243,35;610;0;9580,54;22806,34;92411,21;1992,52;372;0;0;2000;64754,34;0;0;0;0;0;22378,8;10991411,11
07/07/2024;529441,44;24250264,1;227018,2;75422,36;218546,75;484749,05;523;0;5703,26;46089,8;26263,94;2311,6;237,88;0;0;0;38861,98;0;0;0;0;0;34045,6;25410037,52
08/07/2024;959608,44;15614857,04;342229,16;23914,76;390668,46;492427,02;57460;0;26922,15;68747,13;21621,35;5153;674;0;0;1306,1;133900,32;0;614,34;21681,15;2756,37;0;11823,6;17216755,95
09/07/2024;588013,28;162679,11;741,29;6455,61;0;43989,25;7480;0;0;0;552;0;0;0;0;10000;2000;0;0;0;0;0;124,2;234021,46
10/07/2024;661388,98;5595,77;1782,79;0;0;0;0;0;0;0;0;0;0;0;0;0;0;0;0;0;0;0;0;7378,56
11/07/2024;411681,09;2341213,85;142179,73;14291,26;334578,19;71840,15;13240;0;0;33544,42;13417,71;3410,29;6097,53;0;0;4257,96;6036,56;0;1369,59;882,2;0;0;16004,5;3002363,94
12/07/2024;421147,04;457967,65;102733,72;2000;247791,74;23081,94;11210;0;244359,91;23013,01;2506,48;1654,93;1058;0;0;149499,06;9000;0;0;5904,68;0;0;12702,4;1294483,52
13/07/2024;296279,02;1735873,77;283827,29;3050;324561,77;442934,08;360;0;14492,17;27856,78;16822,59;8077,29;452,1;0;0;121207,35;57421,38;0;302,76;18486,2;0;100;5589,75;3061415,28
14/07/2024;176220,39;164313,47;275410;569725,32;170434,08;96955,66;0;0;0;46109,93;7247,93;9614,99;216;0;0;71752,21;0;0;0;0;2817,58;0;61273,26;1475870,43
15/07/2024;416210,08;856588,48;329985,69;1851292,67;351310,15;111722,09;3100;0;26639,96;41458,56;16899,83;49390;3945;0;0;4362,93;15195,91;0;2962;0;0;0;62937,96;3727791,23
16/07/2024;277839,14;12870,57;9064,51;0;1031,15;0;0;0;7856,07;0;0;0;0;0;0;0;0;0;0;0;0;0;0;30822,3
17/07/2024;248212,29;0;0;0;0;0;0;0;0;0;0;0;0;0;0;0;0;0;0;0;0;0;468;468
18/07/2024;215015,48;1474592,16;166588,37;1135751,45;302875,75;157424,44;50;0;26173,5;41751,76;17396,95;9154,4;5015,66;0;0;0;55769,52;0;0;0;0;0;90167,01;3482710,97
19/07/2024;281242,79;360291,06;299973,54;602489,24;197198,16;222573,03;2392,52;0;104441,05;16097,06;3089,34;2412,31;862,12;0;0;61200;39649,34;0;0;0;0;0;6985,93;1919654,7
20/07/2024;232996,89;88128,08;71961,01;343510,46;234978,68;244446,26;0;0;16024;32118,74;5178,11;4233,02;568,25;0;0;6750;1668,16;0;3039,53;4392,24;0;100;10092,14;1067188,68
21/07/2024;143497,32;191030,6;453399,76;1022998,68;200548,64;186069,91;0;0;0;12671,55;21958,5;0;165;0;4396,5;0;6990;0;0;12237,84;0;0;7747,06;2120214,04
22/07/2024;222245,62;113609,09;144609,88;1944968,08;333971,11;193511,67;0;0;0;26909,73;7474,6;2150;150;0;0;0;32424,82;0;0;30767,06;0;0;35346,88;2865892,92
23/07/2024;195422,02;5328;2172,52;31300,92;4774;0;0;0;6114,99;0;0;0;0;0;0;0;0;0;0;0;0;0;9886;59576,43
24/07/2024;160382,99;768472,06;532034,95;143236,2;348572,94;150739,95;0;0;231610,21;88971,19;5706,83;0;2271,06;0;191;0;69854,53;0;0;768,52;0;0;10749,38;2353178,82
25/07/2024;173876,43;143372,16;393061;5387,25;235923,77;10059,95;80;0;2750;27913,05;6473,12;0;0;0;0;0;1134,05;0;0;0;0;0;5259,15;831413,5
26/07/2024;181909,72;239729,24;262724,18;37194,16;403973,13;92150,61;1110,11;0;16741,75;26148,48;2727,39;600;2661,38;0;0;0;932,87;0;0;0;0;0;8706,6;1095399,9
27/07/2024;176432,35;558678,74;295487,12;178269,84;449756,92;85049,79;0;0;0;33099,94;3950,21;0;45;0;0;29428,26;31752;0;0;0;0;0;6575,53;1672093,35
28/07/2024;96657,83;291243,33;535335,09;2314,9;223531,96;53071,33;0;0;0;26681,72;377,96;3440;300;0;0;34246,59;9118,78;0;1150;119473,45;0;0;269336,41;1569621,52
29/07/2024;159227,64;0;3529,32;0;932,15;0;0;0;4632;0;0;0;0;0;0;0;0;0;0;0;0;0;0;9093,47
30/07/2024;201787,63;0;0;0;0;0;0;0;0;660;0;0;0;0;0;0;0;0;0;0;0;0;0;660
31/07/2024;689117,54;3091462,39;751571,22;1150;215276;104314,8;5700;0;500;46978,77;23138,2;24892,7;26438,7;0;0;166885,42;12761,34;0;0;14538,76;0;0;108441,97;4594050,27
01/08/2024;831292,77;3935472,32;858236,62;0;306371,18;201742,86;0;0;0;42134,94;13124,02;300;810;0;49461,02;548239;1852,44;0;0;4508,92;0;0;101168,31;6063421,63
02/08/2024;957005,28;10628755,05;311707,22;0;579005,68;367392,79;19197,06;0;15923,54;85793,76;38875,96;11641,05;15695,32;0;51952,02;612683,52;32248,71;0;3456,71;5650,83;0;0;190656,37;12970635,59
03/08/2024;485683,97;16697564,74;517585,22;0;74810,86;47877,75;52413,32;0;59312,5;26318,15;21067,76;10623,1;95433,44;0;72596,76;6000;0;0;2918,46;4357,92;0;0;77593,29;17766473,27
04/08/2024;216274,82;9323996,09;430564,77;10150;992942,34;234832,81;3733,33;0;0;17363,13;28786,27;0;2318;0;633,6;134253,91;51514,58;0;614,34;23281,23;0;0;28159;11283143,4
05/08/2024;1514947,66;265687,37;39592,62;0;6029,23;0;0;0;0;130;0;0;0;0;0;0;0;0;0;0;0;0;0;311439,22
06/08/2024;3492034,61;17683,08;0;0;0;0;0;0;0;0;2923,54;0;0;0;0;0;0;0;0;0;0;0;5281,5;25888,12
07/08/2024;2790432,75;23134682,7;224811,69;84404,56;391950,42;667173,64;661,5;0;0;81251,46;32740,65;4521,9;855;0;0;4975,86;109912,21;0;0;0;0;0;43866,2;24781807,79
08/08/2024;1327919,85;17890050,17;232101,07;300;398167,18;150880,38;5380;0;15452,76;50390,59;9120,95;10610,09;1164;0;5819,07;1862,89;50054,02;0;986,66;3509,67;0;0;23446,47;18849295,97
09/08/2024;945886,74;8326583,81;32278,42;1150;190358,31;34156,27;54926,25;0;21846,95;29602,47;90197,95;2178,69;556;0;99355,93;19673,32;14192,49;0;0;0;0;0;13377,75;8930434,61
10/08/2024;520863,38;3880383,84;188408,22;30530,44;274829,61;51680,32;6400;0;361,57;8205,49;5674,42;773,82;4896;0;0;179710,03;6583;0;0;1459,58;2922,54;0;22037,66;4664856,54
11/08/2024;333556,39;1902455,29;574264,71;15370,64;716121,58;283111,73;1241,6;0;0;30851,68;56;4030;135;0;0;0;15248,53;0;10772,08;2453,47;0;0;23823,04;3579935,35
12/08/2024;457212,13;0;0;0;0;41203,61;0;0;0;4490;0;0;0;0;0;0;0;0;0;0;0;0;0;45693,61
13/08/2024;351541,82;0;0;0;0;0;0;0;0;0;0;0;0;0;0;0;0;0;0;0;0;0;13974,2;13974,2
14/08/2024;383792,19;595612,45;139146,36;1527390,11;238735,7;267361,21;300;0;14700;46492,3;13117,32;48605,95;3298;0;0;0;118932,06;0;1140;1612,08;1130;0;65053,47;3082627,01
15/08/2024;391301,02;967417,14;57261,08;319815,02;422486,46;146392,83;150;0;106463,95;13475,58;9751,9;0;1603,2;0;0;3274,83;5798,77;0;0;0;0;0;28106,07;2081996,83
16/08/2024;347413,18;1164893,98;184410,52;1087525,97;471478,83;68086,78;0;0;82657,13;54794,73;294317,45;6662,31;645;0;109158,36;121043,96;1120;0;0;1000;0;0;93667,98;3741463
17/08/2024;233266,83;185981,07;222844,23;452794,69;83962,3;89722,52;2352,56;0;0;4119,43;759;780;0;0;18481,61;0;24524,6;0;0;0;0;0;36366,17;1122688,18
18/08/2024;156278,58;477675,06;158664,3;789755,74;579496,23;192336,97;3521,66;0;53737,09;32072,35;24223,72;4420;600;0;0;41631,47;99135,06;0;0;21519,96;0;0;10399,97;2489189,58
19/08/2024;211151,07;0;2248,38;0;0;0;0;0;0;14885;0;0;0;0;0;0;0;0;0;0;0;0;0;17133,38
20/08/2024;303486,26;0;5694,35;0;0;12150;0;0;0;0;0;0;0;0;0;0;0;0;0;0;0;0;0;17844,35
21/08/2024;195497,49;131840,39;329682,41;1596237,74;320346,47;127938,76;0;0;0;56169,99;16543,94;2743;6337,15;0;0;61300;8041,82;0;0;5389,35;0;0;9504,05;2672075,07
22/08/2024;167860,94;1570504,71;320250,13;2268519,87;203775,19;327795,36;0;0;41127,21;39419,14;7348,72;428,99;500,8;0;1279,16;18822,87;43021,56;0;0;11058;0;0;7094,42;4860946,13
23/08/2024;199681,9;224373,53;277066,62;22914,57;391836,96;46142,64;200;0;0;43684,23;4509,74;400;0;0;18226,75;0;1410;0;0;0;0;0;7311,8;1038076,84
24/08/2024;185220,12;139943,6;593960,28;8721,42;243054,49;342791,13;40;0;1162,5;2402,54;4115,78;250;300,48;0;782,94;0;1441,35;0;0;6127,45;0;0;30812,58;1375906,54
25/08/2024;150665,61;184911,76;220430,52;60495,08;460330,17;87730,47;0;0;4673,22;67327,33;615;900;70;0;0;0;12370,94;0;0;117861,52;0;0;26261,86;1243977,87
26/08/2024;158725,81;0;0;150;0;751,06;0;0;0;0;0;0;0;0;0;0;0;0;0;0;0;0;0;901,06
27/08/2024;147348,62;0;603,26;113585,07;40168,03;0;0;0;0;26808,69;0;0;0;0;0;0;0;0;0;0;0;0;0;181165,05
28/08/2024;149181,34;499802,71;359069,11;11811,4;367485,45;81690,02;0;0;0;42082,29;7755,05;900;9187,71;0;111483,64;44446,59;57523,2;0;0;0;0;0;226538,39;1819775,56
29/08/2024;186763,35;2277841;469992,54;200;276526,24;36640,42;400;0;0;55932,94;7992,29;6077,81;3933;0;0;0;5507,27;0;0;0;0;41;96769,88;3237854,39
30/08/2024;806893,04;1538784,6;828093,81;300;241881,93;138998,48;5700;0;0;12935,02;38341,26;1145,16;9539,56;0;963918,37;558317,06;14170,62;0;0;8037,85;0;0;83311,31;4443475,03
31/08/2024;472845,36;8227682,3;681235,51;1356,4;429947,96;117096,34;0;0;0;12388,2;24700,3;34009,84;1469,05;0;1124010,67;604584,45;22898,81;0;0;7880,68;0;0;48742,38;11338002,89
01/09/2024;218309,95;4960710,79;1117743,97;2798;710377,82;398720,02;9059,18;0;2110;19805,53;221377,29;2600;5510,4;0;430189,07;0;35316,05;0;0;3081,02;0;0;213249,02;8132648,16
02/09/2024;542097,11;290367,97;6861,81;0;3992,02;5463;0;0;3724,53;7500;8598,4;100;0;0;0;5000;0;0;0;0;0;0;26120,4;357728,13
03/09/2024;592223,48;0;0;0;0;2019,26;0;0;0;0;0;0;0;0;0;0;0;0;0;0;0;0;0;2019,26
04/09/2024;870295,14;6683418,89;190057,42;119;498314,81;174582,73;30696,67;0;33979,93;30891,54;56413,73;1200;83929;0;132220,47;68692,54;3337,4;0;0;1000;0;0;94820,56;8083674,69
05/09/2024;2183634,01;17838197,3;258874,53;2650;232307,73;23188,5;25613,34;0;0;51268,17;26158,72;1309,7;16989,44;0;23475,71;0;685,51;0;0;876,81;0;0;18244,83;18519840,29
06/09/2024;4851903,14;16214975,28;100097,01;70304,45;193442,1;298070,57;0;0;0;16616,15;22784,16;820;776;0;5294,47;166246,87;19772,04;0;2120;0;0;0;29127,73;17140446,83
07/09/2024;1144906,24;30933571,78;151416,85;2404;284300,56;586759,64;59693,5;0;3624,88;50419,45;10195,42;3798,2;734;0;2301,38;11430,64;60383,81;0;2323,69;2425,5;0;0;22142,94;32187926,24
08/09/2024;536736,51;16473974,35;203272,76;20928,23;634768,53;126495,49;2330;0;7591,11;17254,12;35082,01;17517,32;876,4;0;6731,3;0;140142,51;0;0;0;0;0;14232,68;17701196,81
09/09/2024;1098572,72;256195,71;1922,31;0;6400,27;26335,01;0;0;0;0;1812;0;0;0;0;0;3034,5;0;0;0;0;0;1424,4;297124,2
10/09/2024;904000,53;1537,55;20632,79;0;0;0;0;0;0;0;0;0;0;0;0;0;0;0;0;0;0;0;0;22170,34
11/09/2024;533753,57;2371670,53;214040,89;50621,46;571661,4;96207,5;8000;0;3742,86;103550,98;41413,45;4896;20499,95;0;2341,21;2000;4712,73;0;2336,52;0;0;0;21367,25;3519062,73
12/09/2024;414536,86;1483940,07;165691,67;60567,36;306265,26;327030,73;2460;0;224123,9;53521,44;67975,02;59783,51;1137,32;0;8696,34;159110,84;58498,18;0;2500;0;480;20;26177,48;3007979,12
13/09/2024;497433,21;329007,33;57835,2;712803,39;576295,35;251717,71;0;0;1212,25;45466,55;3584,39;2660;539;0;51072;32748,09;8553,5;0;6454,93;1607,81;0;0;78723,42;2160280,92
14/09/2024;343753,01;196752,79;311328,26;1162777,66;596964,51;93963,57;100;0;822,38;20344,58;18926,25;9777,95;1014;0;661,85;69731,11;22420,89;0;0;1458,54;0;0;24197,62;2531241,96
15/09/2024;210869,77;1278102,05;225129,31;1106760,12;718663,46;76170,99;170;0;0;10983,16;17994,73;1120;1615,52;0;2462,9;65333,71;20172,03;0;0;37066,76;0;0;93554,71;3655299,45
16/09/2024;397299,9;0;9049,68;14297,47;0;8645,53;0;0;0;0;1135;0;0;0;0;0;0;0;0;1000;0;0;666;34793,68
17/09/2024;281020,18;0;0;11537;0;4941;0;0;0;0;0;0;0;0;0;0;0;0;0;0;0;0;0;16478
18/09/2024;223524,46;829011,87;139588,43;553233,69;657664,79;199914,67;5845,85;0;14473,48;127033,65;17879,51;7188,31;18899,19;0;37044;0;41104,03;0;0;894,39;0;0;24324,44;2674100,3
19/09/2024;216151,29;171609,53;159112,51;232596,8;283210,55;115109,99;0;0;43135,73;45883,18;5330,82;0;1462,18;0;0;0;80975,79;0;0;4329,83;0;0;17276,05;1160032,96
20/09/2024;368980,44;59522;245047,67;1228664,86;341604,07;97855,78;0;0;1048,74;73181,1;1628,9;149,33;367;0;0;43631,47;92257,01;0;0;1400;0;0;6169,49;2192527,42
21/09/2024;234068,32;291891,52;181597,16;1641863,1;372409,42;185374,94;0;0;33829,15;26043,62;9607,91;817,8;168;0;313,2;0;42819,54;0;0;435057,17;0;0;12380,28;3234172,81
22/09/2024;144904,81;1145724,63;109520,61;2104003,82;1927617,9;364373,11;0;0;0;25108,11;25243,39;50;150;0;0;0;72152,81;0;9269,87;56243,04;3151,21;0;28180,01;5870788,51
23/09/2024;193078,14;24991,85;0;3089,99;3791,06;4220,87;226;0;0;450;175;0;0;0;0;0;3900;0;0;0;0;0;306;41150,77
24/09/2024;158584,85;0;0;0;2657,68;0;0;0;0;0;0;0;0;0;0;0;0;0;0;0;0;0;0;2657,68
25/09/2024;177393,77;49479,11;652340,16;6049,97;438083,45;106489,24;6100;0;4688,85;105330,77;5516,88;1410;15066,2;0;628,5;0;1459,38;0;0;2019,8;500;0;26916,71;1422079,02
26/09/2024;257355,38;636217,77;663133,06;83313,2;208694,62;124621,26;0;0;617,49;22431,45;7479,49;600;1010,6;0;0;185537,24;4652,29;0;9192,01;1047,5;0;5;18185,72;1966738,7
27/09/2024;370639,76;826912,1;720790,86;1150;483963,46;78954,06;0;0;930;32917,15;8899,49;250;793;0;0;2000;27220,6;0;0;4464,86;2554,35;0;30070,79;2221870,72
28/09/2024;252112,12;1278790,04;367278,43;4430;280128,42;83909;0;0;0;48583,18;565,43;390;11083,6;0;152;0;34961,87;0;3014,94;122649,75;0;0;66259,73;2302196,39
29/09/2024;155214;5262917,6;1005348,02;250;722908,25;83547,21;0;0;0;25676,76;7419,64;7733,61;9251;0;0;0;12368,1;0;0;1713,1;0;0;294802,21;7433935,5
30/09/2024;942962,71;361598,15;39585,56;50;0;61306,84;0;0;0;19245;0;0;0;0;0;0;0;0;0;0;0;0;0;481785,55
01/10/2024;666141,03;8616,1;0;0;3303,61;240;0;0;0;0;0;0;0;0;0;0;0;0;0;0;0;0;11474,55;23634,26
02/10/2024;705693,93;5285020,38;701408,03;300;412000,12;484546,08;2937,07;0;0;38852,86;40964,15;44694,88;19711,36;0;0;121662,75;20529,26;0;0;0;0;0;304961,12;7477588,06
03/10/2024;1428973,66;10097596,16;292569,55;1362;465603,53;61455,06;5106,67;0;30132,45;74957,61;103126,93;9990,6;45011,53;0;0;695624,75;2313,61;0;19106,06;7200,15;0;0;89182,01;12000338,67
04/10/2024;4953779,73;21908524,81;160334,43;69200;313381,62;151692,51;5501,5;0;0;50204,5;58898,08;400;41350;0;984,4;670355,43;15353,98;0;1100,75;0;0;0;48150,42;23495432,43
05/10/2024;1808633,54;28685146,3;340779,7;1500;961365,03;202462,53;0;0;0;25404,73;13296,17;1160;9064,92;0;0;4411,25;78793,99;0;0;0;0;0;93098,69;30416483,31
06/10/2024;523304,07;33792820,2;241266,31;6248,54;867423,28;526024,9;62616,47;0;6696,8;39414,45;11355,29;15333,83;1827;0;0;24573,78;126068,9;0;77317,96;8754,4;0;0;258130,78;36065872,89
07/10/2024;2320302,72;761988,22;12327,22;0;42028,54;93146,01;0;0;0;5825;3170;0;0;0;0;0;2862,38;0;0;0;0;0;2430,2;923777,57
08/10/2024;1321795,19;12712,39;0;0;36321,34;3563,4;0;0;0;0;0;0;0;0;0;0;0;0;0;0;0;0;0;52597,13
09/10/2024;949972,9;8534413,48;277996,03;21074,64;398483,83;378113,99;2003,44;0;672,81;28641,74;87177,96;3836;17863,1;0;4143,79;0;6002,86;0;2544,23;49528,77;0;0;32857,32;9845353,99
10/10/2024;1183798,63;2779862,8;84931,83;32464,78;452502,57;163657,71;700;0;250;63850,36;37015,95;700;1279;0;0;0;4121,72;0;1880,59;98971,99;0;0;22176,59;3744365,89
11/10/2024;897781,81;1726262,21;449384,36;24340,83;826499,63;31019,42;100;0;19404,36;16413,58;11532,92;432;1154,32;0;8654,46;32748,09;4119,61;0;0;23725,74;0;0;14246,36;3190037,89
12/10/2024;640506,35;1512669,08;172050,3;69989,58;521912,66;125070,74;0;0;350;68822,68;18426,61;68408,02;911;0;428,4;69242,35;2986745,22;0;3428,71;990,22;0;0;24200,36;5643645,93
13/10/2024;368056,29;660246,66;281321,34;534667,62;821765,21;107899,09;220;0;185721,85;8953,57;7228,73;1840,12;17175,36;0;0;19856,39;17109;0;8980,16;133737,89;0;0;29987,17;2836710,16
14/10/2024;509995,96;141275;3870,47;0;0;1010;0;0;0;4845;0;0;0;0;0;0;0;0;0;0;0;0;7739,6;158740,07
15/10/2024;541227,3;2627;0;100;7502,41;2422,44;0;0;0;0;0;400;0;0;0;0;1747,24;0;0;0;0;0;43648,16;58447,25
16/10/2024;427705,7;66803,6;300480,42;1275200,36;451385,42;167589,16;0;0;1941,52;103071,73;9181,67;900;19984,61;0;0;143914,46;43446,93;0;0;16172,46;747,62;6;58412;2659237,96
17/10/2024;332926,31;1498926,27;229711,87;1239212,61;333829,9;111822,4;3236,68;0;6630,77;59830,23;11733,44;12036,42;1714,33;0;0;4138,46;19551,67;0;1150;60161,44;0;0;128643,1;3722329,59
18/10/2024;505342,08;506849,95;130955,22;1021945,27;347792,75;68209,05;0;0;35546,97;20874,58;22267,58;10002,31;409,96;0;0;50;61929,86;0;0;9306,51;568,18;0;68996,99;2305705,18
19/10/2024;379258,39;347920,89;192096,61;1883939,34;517699,07;255499,79;0;0;6496,8;27977,92;85928,8;189,2;0;0;0;1434,28;100138,75;0;17307,5;36558,9;2146,86;0;12706,06;3488040,77
20/10/2024;243519,66;274225,96;329103,78;2455257,93;695130,77;261608,46;0;0;43874,95;68260,94;7925,31;817,8;5931;0;0;41631,47;71403,91;0;982,5;369395,43;0;0;307837,05;4933387,26
21/10/2024;346097,34;2276,5;2172,53;0;5140,79;0;0;0;1000;9670;0;0;0;0;0;0;0;0;0;0;0;0;0;20259,82
22/10/2024;246946,49;0;0;0;1361,31;320;0;0;356;0;0;0;0;0;0;0;0;0;0;0;0;0;977,28;3014,59
23/10/2024;231231,04;1325770,44;396125,33;726260,77;319978,49;194032,32;0;0;4000;47412,01;9343,44;954;9246,19;0;0;60400;22985,51;0;15460,04;113687,2;0;0;34380,6;3280036,34
24/10/2024;229923,03;62204,11;184163,1;318181,69;344049,01;108006,26;0;0;0;82979,3;10737,36;189,2;8018;0;0;0;4311,78;0;2283,7;175777,98;0;0;10470,99;1311372,48
25/10/2024;685311,27;147220,24;268954,25;7367,44;843417,63;76491,18;6100;0;0;33033,01;12407,67;300;22;0;0;0;4500;0;117615,78;53723,63;784,06;0;13421,12;1585358,01
26/10/2024;563031,53;342649,23;547604,57;33086;543028,67;68381,09;6020;0;0;27565,45;1586,18;460;98;0;0;0;1502,09;0;3036,07;125117,02;0;0;58608,97;1758743,34
27/10/2024;352846,12;725689,76;1167359,49;36811,76;769188,84;57704,94;300;0;0;12562,91;2079,88;1003,37;2852,08;0;0;0;43590,33;0;2442,41;18684,39;0;0;77625,87;2917896,03
28/10/2024;474370,3;12000;32621,51;0;25584,14;4927,4;0;0;0;1920;728;150;0;0;0;0;400;0;0;0;0;0;0;78331,05
29/10/2024;348157,35;0;3613,88;0;0;0;0;0;0;0;0;0;0;0;0;0;0;0;0;0;0;0;237,8;3851,68
30/10/2024;464345,87;3776415,02;954321,09;1089,42;437918,39;324920,03;0;0;72;27863,85;6857,41;17951,18;21731,25;0;0;6000;7663,21;0;0;4782,69;130016,74;0;327622,43;6045224,71
31/10/2024;1236685,21;7649503,37;284537,82;12169,2;383084,48;65155,24;0;0;0;81739,4;5777,25;0;20807,62;0;0;0;35897,81;0;0;2400;0;1728,41;155319,32;8698119,92
01/11/2024;1517211,2;10611027,83;459661,94;408,75;322565,17;420305,14;580;0;0;11145,37;3736,66;26111,28;9970,9;0;640,12;12270,44;260;0;163117,79;20258,04;1276,86;0;60981,39;12124317,68
02/11/2024;571872,37;12471750,15;444505,49;106991,16;817939,46;218822,53;0;0;972,54;53512,02;56485,59;4316,08;108759,42;0;0;525686,09;64025,61;0;18764,48;23937,39;6334,02;0;307238,35;15230040,38
03/11/2024;321935,38;7362664,55;500308,34;600;494945,48;196468,69;8823,33;0;39001,72;37818,27;29170,28;5554,22;45493,35;0;0;173891,29;20409;0;2934,85;77864,34;3267,81;150;76224,04;9075589,56
04/11/2024;918795,55;50874,35;0;0;0;78,43;0;0;0;3195;0;0;0;0;0;0;900;0;0;0;0;0;0;55047,78
05/11/2024;1950734,43;223405,03;0;0;2812,9;0;0;0;0;0;0;0;0;0;0;0;0;0;0;0;0;0;0;226217,93
06/11/2024;3240146,95;20276681,73;92306,66;81633,53;425597,18;292856,82;0;0;1353,51;69885,8;11260,75;1150,64;23666,25;0;0;41621,59;22110,64;0;12741,01;57411,61;0;50;39731,55;21450059,27
07/11/2024;4253494,23;31418795,46;148956,65;62634,58;954572,76;654058,17;0;0;3148,96;77110,1;11672,17;944,9;5525,06;0;0;72468,54;14578,69;0;0;0;748,98;0;100338,05;33525553,07
08/11/2024;2543075,47;25917866,34;223923,28;1100;536265,63;380509,4;41720;0;8422,3;66763,79;11134,16;4058,62;3101,46;0;0;10230;69109,69;0;653384,46;75207,06;1547,91;0;16917,9;28021262
09/11/2024;1300645,1;16363935,57;212971,11;90370,82;390568,95;73473,66;16403,44;0;1750;28372,33;38443,1;100;2926,9;0;0;0;87368,18;0;578391,46;240674,67;849,78;0;17967,09;18144567,06
10/11/2024;685255,12;6000797,07;482917,95;46396,92;674010,23;379029,65;756,22;0;1835346,07;14211,79;12330,92;15957,72;11283,09;0;0;121831,39;44606,41;0;21884,13;10898,66;0;0;14923,57;9687181,79
11/11/2024;1048545,45;53482,42;0;0;1386,55;2370;0;0;0;195;0;0;0;0;0;0;0;0;0;79600,25;0;0;0;137034,22
12/11/2024;671609,37;1000;0;0;0;8514,09;0;0;0;0;0;0;0;0;0;0;0;0;0;0;0;0;2157,6;11671,69
13/11/2024;610128,07;672486,43;99822,75;263423,81;440477,44;132494,97;0;0;41622,75;53200,26;11207,21;73074,43;19097,7;0;0;175234,88;2688306,56;0;39434,16;6265,5;11672,07;0;20397,92;4748218,84
14/11/2024;686050,3;452219,79;69263,7;896875,05;648785,57;345176,64;0;0;170185,53;110089,85;8760,44;4525,32;11331,85;0;0;454394,68;1618,66;0;320808,97;676318,27;1570,76;0;131553,6;4303478,68
15/11/2024;517461,73;642597,05;413329,41;853234,21;467433,5;89716,31;300;0;8671,05;39301,19;75754,83;2173;589,2;0;0;35001,04;6569,5;0;78864,5;67358,62;10752;200;56001,94;2847847,35
16/11/2024;454676,81;1275560,88;209446,95;1721622,09;1611630,97;174422,23;5129,45;0;144338,15;55787,02;8743,37;6140,14;7922,47;0;0;57755,39;105331,57;0;30194,89;747314,47;31661,51;0;114725,43;6307726,98
17/11/2024;283379,65;61196,86;1764,31;10480;18826,31;26301,12;0;0;0;2880;0;100;0;0;0;4297,46;4225;0;0;155471,58;0;0;462,8;286005,44
18/11/2024;386713,73;0;0;200;3048,38;28675,02;0;0;0;200;0;0;0;0;0;0;0;0;0;0;0;0;0;32123,4
19/11/2024;546858,48;0;0;280031,52;0;8660;0;0;0;0;0;0;0;0;0;0;0;0;0;0;0;0;0;288691,52
20/11/2024;434498,11;221866,4;321485,45;1250117,56;548852,02;145625,22;0;0;50184,45;52774,55;11859,87;4103,4;15284,09;0;0;0;55774,49;0;68167,18;707978,6;139379,17;0;13271,17;3606723,62
21/11/2024;455310,95;806731,86;150970,1;3447125,82;574672,92;713528,43;0;0;9949,4;89821,26;12138,27;50;6694,21;0;0;105631,47;24541,1;0;3239,44;2006480,01;89731,81;0;15440,53;8056746,63
22/11/2024;410906,24;0;6229,1;240976,18;91953,51;7068,31;2480,22;0;2298,59;20581,06;1190;0;0;0;0;0;2170;0;1690,42;516000,05;424113;0;5494,6;1322245,04
23/11/2024;373794,13;1240727,05;214733,89;1457321,91;817892,12;160809,35;0;0;393192,6;61362,95;6736,21;4691,45;24;0;0;510;102022,33;8755,73;86113,52;3959900,67;1800493,89;0;11685,68;10326973,35
24/11/2024;224428,08;876706,73;694954,59;247634,96;570839,47;79234,47;0;0;45165,06;23068,23;7601,54;1200;1326;0;0;18822,87;139760,78;937,23;398394,9;3149959,67;35279,35;2478;28941,13;6322304,98
25/11/2024;330317,11;0;26416,47;0;25209,94;0;0;0;0;1525;0;0;0;0;0;0;1500;0;0;24112,66;0;0;0;78764,07
26/11/2024;288626,41;60093,83;212616,98;0;7693,66;6930;0;0;0;8470;0;0;0;0;0;0;2260;0;0;0;0;0;1500,8;299565,27
27/11/2024;305319,05;292966,13;868941,72;3426,09;404282,81;157331,65;0;0;2181,35;45550,73;11460,15;1420;22403,62;0;0;0;17890,58;124,35;747122,3;7000122,45;0;0;355594,06;9930817,99
28/11/2024;660136,68;946452,08;620323,14;2534,01;429249,09;282058,02;6131,8;0;137,5;92355,14;1207;7729,41;16400,57;0;0;0;50;0;249710;9939644,5;3988,3;0;240340,38;12838310,94
29/11/2024;1945674,18;5549188,94;234723,61;7070;584217,32;113640,51;0;0;0;55343,5;16068,27;9811,6;15758,5;0;15400;167628,13;33368,59;0;56318,53;6656451,61;261867,67;20;64289,22;13841166
30/11/2024;1089331,29;13929232,66;1073647,94;1523,14;615197,94;400049,88;0;0;0;25523,02;20612,83;700;10069,1;0;399,74;0;7919,06;938,16;144407,9;17334268,69;212382,83;0;119007,72;33895880,61
01/12/2024;451989,81;9761581,56;656004,27;2951,67;624368,79;448476,15;450;0;518;20697,49;34120,96;7796,08;15740,14;0;0;561236,61;85609,6;0;206838,99;8280008,28;611363,19;145;439478,16;21757384,94
02/12/2024;757067,83;274940,94;0;0;51111,75;4383,26;0;0;0;3220;0;0;0;0;0;0;0;0;0;94835,67;0;0;0;428491,62
03/12/2024;734362,34;0;4150,01;0;17853,75;0;0;0;0;0;279,15;0;0;0;0;0;0;0;0;524,41;0;0;378;23185,32
04/12/2024;1020719,58;14965801,44;904450,11;448,1;306013,97;383081,11;4209,99;0;39880,38;33723,03;16776,41;300;20452,55;0;0;0;10774,8;3935,12;14478;138451,46;14412,25;0;98574,14;16955762,86
05/12/2024;2375404,06;22738635;414068,34;78058,68;358777,79;72281,64;3850;0;0;62434,93;11224,75;2050;5370,05;0;0;31618,38;13573,14;0;38954,66;196320,69;88605,15;0;84732;24200555,2
06/12/2024;5344226,1;19320012,02;129364,18;5434,52;645339,28;219104,96;0;0;66,5;39922,53;27891,55;1356;0;0;0;184346,78;7957,4;1844,66;3834,69;56030,05;180844,66;0;28955,47;20852305,25
07/12/2024;1807569,81;23613764,79;341516,26;21023,22;398798,61;1031675,09;9319,85;0;9859,96;63293,47;12937,24;22424,28;1256;0;0;0;79499,46;3269,3;53046,67;32229,54;33502,67;30;60157,72;25787604,13
08/12/2024;746489,29;42516666,21;281409,7;47660,66;819450,16;249211,08;50803,44;0;1250;154529,81;6877,83;0;0;0;0;0;165703,05;54005,98;18877,86;186044,29;62498,26;2374,8;27511,33;44644874,46
09/12/2024;1279415,44;518949,35;0;0;10602,89;37927,21;11200;0;0;7260;0;0;0;0;0;0;0;0;0;29415,69;0;0;0;615355,14
10/12/2024;1124332,2;52386,77;0;0;25245,15;1000;0;0;0;4667,57;0;2189,22;0;0;0;0;0;0;0;0;0;0;1333;86821,71
11/12/2024;687279,01;1211731,18;398465,07;194704,94;258108,41;261095,3;4150;0;1471200,37;63644,11;35075,14;12688,77;26471,73;0;0;93037,05;6516,04;10689,63;16452;0;688937,94;0;22277,51;4775245,19
12/12/2024;527083,22;2060210,01;1020627,5;121099,36;384820,28;2871700,45;400;0;167679,22;68514,82;5573,8;46720,74;0;0;0;135986,87;80637,8;60635,49;327317,6;24395,33;295107,28;1000;54256,34;7726682,89
13/12/2024;663016,1;581772,99;743366,06;343358,34;438181,71;208072,22;0;0;246174,25;17852,05;69260,97;4963,62;2552,7;0;0;0;5649,41;22499,86;362051,43;6143,01;1330534,41;0;78340,7;4460773,73
14/12/2024;499274,7;1703416,13;448725,14;1194399,23;648432,74;110340,57;2700;0;8183,06;20881,33;9568,7;6613,52;1520;0;0;17186,3;10149,64;5633,37;862152,45;0;1824859,32;0;51124,38;6925885,88
15/12/2024;307927,62;1341183,58;739074,69;1784740,46;542508,7;237866,02;0;0;18149,42;31060,52;22218,32;2647,96;16691,83;0;0;19856,39;25232,3;8509,78;178705;3383,93;4022621,3;0;95227,73;9089677,93
16/12/2024;438733,58;0;16978,4;27141,26;14561,1;133736,45;0;0;0;2466,15;0;0;0;0;0;0;0;5000;0;0;0;0;408;200291,36
17/12/2024;368431,2;0;70015,02;16137,23;0;23983,48;0;0;0;1360;0;0;0;0;0;0;0;0;0;0;74235,33;0;337,6;186068,66
18/12/2024;338933,92;688812,17;854426,76;1031173,85;938797,55;138592,55;50,99;0;63217,04;43276,73;6098,17;997,87;18547,21;0;0;25731,47;122268,84;3419,19;291323,14;5526,44;10609185,86;0;44567,08;14886012,91
19/12/2024;426633,07;3012935,3;1721285,66;523120,39;193209,06;308921,69;0;0;40542,76;63921,17;4887,82;7322,31;14220,46;0;0;65500;27982,42;21724,36;142996,78;0;4852426,15;0;74706,02;11075702,35
20/12/2024;870174,62;1797145,66;1651031,65;863143,65;465033,78;166527,83;20692,52;0;110,34;82830,04;11637,82;1851,72;1664;0;0;138081,75;123446,61;3010,85;101167,7;13256,5;7418460,52;0;80607,07;12939700,01
21/12/2024;445254,84;3837166,34;1309452,17;1600602,94;713393,41;263174,52;0;0;1389,45;39654,04;16624,3;38;4205,92;0;0;121293,32;50065,24;5665,71;410140,43;0;14828908,88;0;192903,39;23394678,06
22/12/2024;284291,32;2820626,04;1437841,1;2429792,22;882743,23;806728,39;0;0;4013,85;38997,79;14437,15;12783;1550,08;0;0;471534,47;458115,55;7051;1247196,8;248,77;6480585,55;4818;156203,15;17275266,14
23/12/2024;419795,53;0;91253,1;2172;0;1779,24;0;0;0;4160;0;0;0;0;0;0;0;0;0;0;544837,23;0;0;644201,57
24/12/2024;398166,95;65058,29;7332,67;0;0;0;0;0;0;0;0;0;0;0;0;0;0;0;0;0;0;0;0;72390,96
25/12/2024;157119,8;3083995,25;512829,37;82557,28;347348,6;181061,89;3031,38;0;5000;59231,09;5683,86;11620,43;23667,25;0;0;157586,35;57639,16;6310,88;72631,23;3555,47;134610,28;100;23831,22;4772290,99
26/12/2024;283737,51;267496,51;163263,73;1405,06;44568,72;213842,44;0;0;0;22045,58;507,91;0;1445,4;0;0;3291,68;24510;5000;19504,62;0;17865,15;0;20120,1;804866,9
27/12/2024;1219594,49;0;51891,5;0;0;3671,81;0;0;0;0;0;0;0;0;0;0;0;0;0;0;0;0;0;55563,31
28/12/2024;612405,21;8245912,29;303543,03;23065,19;459458,05;192565,6;0;0;0;13986,44;5423,68;7183,51;2559,4;0;18386,66;176298,97;27972,09;0;4869,61;6732,95;90285,96;400;196292,08;9774935,51
29/12/2024;392342,5;14752573,14;2010731,82;14473,69;602739,43;377981,25;0;0;0;11035,05;22772,45;21636,57;23015,18;0;0;150506,82;72923,81;670;2335,34;26956,38;1710,88;2500;91144,83;18185706,64
30/12/2024;1355314,81;199560,98;21086,15;0;65223,69;6081,2;0;0;0;9475;0;0;0;0;0;0;0;0;3517,77;0;0;0;10471,72;315416,51
31/12/2024;786976,56;6881632,84;1429773,1;56792,07;348447,68;216327,26;3012,5;0;1933;64369,93;87457,17;3500;20399,2;0;0;6000;76357,84;2705,42;60875,11;0;0;0;429661,24;9689244,36
01/01/2025;225016,38;513367,34;38378,4;220;9711,1;41135,98;0;0;0;23507,76;2124;0;4420;0;0;0;11227,96;17129,07;0;0;0;3487,35;83041,74;747750,7
02/01/2025;896026,3;41682,85;0;0;0;3924;0;0;0;0;4595,6;0;0;0;0;0;0;0;0;0;0;0;1565,4;51767,85
03/01/2025;1020292,52;18179941,53;499135,18;73641,71;165514,64;65827,7;3519,98;0;76422,67;16444,08;28886,71;100;3196,96;0;0;161909,86;11573,82;0;4034,46;0;338,49;0;63890,55;19354378,34
04/01/2025;563602,52;20935901,88;512747,42;132077,03;333496,42;299450,25;9750;0;0;14096,67;14070,18;300;0;0;0;66769,47;15693,91;651,81;19261,22;989,08;550,68;0;76994,13;22432800,15
05/01/2025;293672,73;2933894,78;2190,3;600;16383,44;150204,54;0;0;0;5730;16460,65;0;0;0;0;0;0;0;0;0;0;0;23074,42;3148538,13
06/01/2025;1402068,53;48115,5;0;0;11720,85;0;0;0;0;0;0;0;0;0;0;0;0;0;0;0;0;0;0;59836,35
07/01/2025;4684646,3;29414054,47;634031,6;16814,38;333809,16;481704,96;2250;0;542,02;44888,12;11968,9;4186,4;20501,05;0;0;0;70117,23;0;10277,51;346627,14;248568,72;250;60472,63;31701064,29
08/01/2025;4090789,55;25508405,2;260310,79;1010;469459,29;450094,43;63970,17;0;7662,37;54790,92;100639,59;0;2560;0;0;0;34794,73;4137,03;6502,65;0;607,17;20;59863,39;27024827,73
09/01/2025;1485052,95;11243201;271280,91;8970,08;182171,6;114390,54;16400;0;0;21661,35;7938,5;0;1279,35;0;0;0;34194,18;714,03;48010,02;0;619;145,27;13776,83;11964752,66
10/01/2025;1194565,89;2324006,54;248097,79;33100,21;353256,74;61231,89;5060;0;246;8789,5;7665,28;8204;968;0;0;1423;0;5367,79;18307,22;0;1354,07;0;50893,71;3127971,74
11/01/2025;662995,55;1628939,58;278960,1;63993,8;360689,69;2211033,41;400;0;402111,72;112609,18;15589,59;75253,76;9558,51;0;2079,7;0;75750,86;22785,06;2172,64;0;410,53;0;149335,5;5411673,63
12/01/2025;384095,52;78123,25;8121,69;82910,07;51129,9;8428,11;0;0;0;8698,76;156;130;0;0;0;0;0;0;0;0;0;0;54;237751,78
13/01/2025;647178,6;0;0;0;4810,06;0;0;0;0;0;0;0;0;0;0;0;0;0;0;0;0;0;1250,4;6060,46
14/01/2025;534023,66;1382017,66;807981,82;1038917,69;361514,46;426865,77;2700;0;0;39411,12;5902;0;16030,5;0;0;35168,66;31196,45;2043,98;1041,89;0;13455,68;0;91111,82;4255359,5
15/01/2025;674695,01;718860,99;271588,6;701399,38;316776,72;92204,4;623,34;0;13731,93;42192,76;9915,54;1125;4486,78;0;0;3797,67;14357,29;25337,58;11139,7;0;0;810;118761,97;2347109,65
16/01/2025;523322,29;1211268,21;113453,76;2266904,13;337377,21;202629,53;300;0;123457,98;19452,95;38032,21;415,2;9411,97;0;0;0;61477,37;32087,41;5838,13;5000;0;0;102298,07;4529404,13
17/01/2025;516225,9;228289,77;431349,54;1677694,48;421922,3;263772,85;2199,18;0;5414,55;16387,22;10837,35;13671,26;0;0;468;0;6573,5;14494,81;1051,88;592,5;0;976;23849,01;3119544,2
18/01/2025;386243,69;1257200,54;358619,43;1929711,48;569383,33;287400,87;229;0;5524,79;38435,2;7369,69;650;4254,33;0;0;0;52412,84;2721,13;0;0;0;50;38650,62;4552613,25
19/01/2025;273046,92;0;1159,1;150580,81;2439,94;3690,16;0;0;0;7220;156;0;0;0;0;0;0;0;0;0;0;0;54;165300,01
20/01/2025;601315,63;0;0;0;2147,1;0;0;0;0;500;546;0;0;0;0;0;1200;0;0;0;0;0;3768,3;8161,4
21/01/2025;358500,17;677695,11;309821,71;2323328,78;594083,49;648947,72;1540;0;6000;38076,84;6495,96;2200;16327,07;0;319181,1;0;130528,43;10755;9532,13;0;0;0;41332,11;5135845,45
22/01/2025;285927,71;266370;195672,87;26203,33;384039,98;76870,59;660;0;275,5;56456,06;6350,06;0;8244,04;0;0;32131,9;61875,14;244;973,74;0;0;0;27604,47;1143971,68
23/01/2025;270406,56;255083,89;319237,45;93987,56;376425,13;71423,71;0;0;0;25780,58;13783,46;0;7011,33;0;0;64500;100;6716,92;0;0;0;0;118122,7;1352172,73
24/01/2025;335886,68;140720,31;749392,25;36128,4;1619919,02;119263,82;19877,9;0;0;13477,87;5650,1;0;4367,72;0;0;0;711;24875;199,29;0;0;1;141075,58;2875659,26
25/01/2025;323821,98;285940,8;460380,93;242476,85;843148,36;237893,99;0;0;2396,81;12894,77;8663,87;1990;945;0;0;1412;47979,62;0;13225,38;115344,94;0;400;49509,84;2324603,16
26/01/2025;214244,97;0;192800,72;810;32128,82;3070;0;0;0;330;0;0;0;0;0;0;300;0;0;0;0;0;0;229439,54
27/01/2025;285761,04;54081,92;1118,11;0;0;3730;0;0;0;0;0;0;0;0;0;0;0;0;0;0;0;0;684,29;59614,32
28/01/2025;233046,14;2249121,03;577028,23;75167,19;493586,33;127062,98;0;0;17945,39;42725,88;3713,66;13005,5;20355,12;0;0;0;27407,54;0;2198,3;796;0;200;124117,28;3774430,43
29/01/2025;252365;6036425,6;1440287,81;900;559485,6;159610,17;0;0;0;72282,29;1532,42;6251,08;10776,4;0;0;0;15516,17;0;0;0;0;0;204742,67;8507810,21
30/01/2025;307684,28;4166703,68;542578,25;1200;355411,06;127119,57;0;0;500;20999,3;62878,14;591,3;24466,9;0;0;0;14084,7;14416,34;0;13005,35;0;610;88756,99;5433321,58
31/01/2025;3603430,22;9521009,13;1187265,19;0;536961,2;376492,29;400;0;0;21910,11;72175,5;86;9009,5;0;7370,3;6000;100523,91;500;334,29;0;0;0;183350,5;12023387,92
01/02/2025;1345564,68;11217172,19;1182478,48;2100;501431,53;419604,61;6171,83;0;2120;19955,27;65892,24;5495,03;38038,6;0;7539,98;0;48438,91;200,25;0;15202,67;43494,54;0;435470,87;14010807
02/02/2025;640467,65;164542,38;19646,15;250;5147,5;2365;100;0;0;2000;300;100;0;0;0;0;0;0;0;0;0;0;808,4;195259,43
03/02/2025;1055000,88;4446,77;0;0;0;0;0;0;0;0;0;0;0;0;0;0;0;0;0;0;0;0;0;4446,77
04/02/2025;1355632,95;10873159,02;366855,1;1200;332238,8;200688,08;7820,01;0;61994,67;28655,84;34239,49;4339;26594,56;0;0;162937,39;27311,24;1399,96;0;2372,99;0;400;57828,33;12190034,48
05/02/2025;3062024,02;26995492,01;196324,11;24723,44;304489,65;135750,01;0;0;0;39324,92;18042,96;60;14368,2;0;838;0;70594,61;1200;0;0;0;200;57051,54;27858459,45
06/02/2025;6426801,5;40691862,77;174792,5;125982,6;717567,55;711624,06;2513,5;0;610,58;73118,41;30873,13;3146;8635,98;0;0;59485,62;27986,57;0;0;0;0;0;43496,6;42671695,87
07/02/2025;4401780,59;31308793,45;422612,76;600;525287,37;607957,83;6600;0;0;41788,9;152031,64;2260;7689,13;0;90145,12;564906,95;50708,74;4744,31;0;0;0;650;63719,98;33850496,18
08/02/2025;1750827,41;11119958,27;171536,51;4880,96;883373,63;329848,46;64000;0;163475,91;22683,62;70010,8;400;9132,66;0;0;60734,69;11416,12;27696,05;0;0;0;1552;53030,84;12993730,52
09/02/2025;846898,23;76355,48;24302,56;2150;4842,31;58815,13;0;0;0;5335,95;0;0;1074,27;0;0;0;6314,39;0;0;0;0;0;412,8;179602,89
10/02/2025;1785094,86;20710,68;4790;0;5162,3;212,92;0;0;0;0;240;0;0;0;0;0;0;0;0;0;0;0;4570,7;35686,6
11/02/2025;991057,55;4389780,09;232424,17;48960,03;424630,44;147701,25;0;0;7997,02;2491795,41;29514,28;77715,98;16768,65;0;31519,52;68829,13;68087,53;25838,87;0;759;0;0;32143,83;8094465,2
12/02/2025;736461,83;1998719,18;279152,63;392910,83;614584,54;122486,07;0;0;35760,5;54771,5;12034,03;5972,21;10077,34;0;1131,4;0;30953,74;21879,43;0;4103,6;0;400;206971,32;3791908,32
13/02/2025;649982,64;732744,19;314324,42;291589,99;605544,2;338017,95;0;0;31207,71;36606,98;17458,81;80,4;310,1;0;15621,62;0;9390;2836,39;0;1664,66;0;0;14202,41;2411599,83
14/02/2025;824330,27;663785,58;223913,97;1920187,61;397351,89;123358,59;4400;0;2022,64;27490,48;24405,39;378;906,5;0;0;55200;2664,54;17858,9;0;1537,62;0;0;54137,28;3519598,99
15/02/2025;664518,36;1824651,35;284342,05;2006128,91;673537,15;254682,81;4222;0;57962,32;25117,86;119842,1;3786,67;13435,12;0;0;3750,49;56549,03;46450,76;2964,5;0;0;400;54465,15;5432288,27
16/02/2025;351565,99;2800;0;53172,6;9377,8;38357,08;0;0;0;1580;1244,4;0;0;0;0;0;800;0;0;0;0;0;238;107569,88
17/02/2025;523515,76;0;15645;0;0;0;0;0;0;530;0;0;0;0;0;0;0;0;0;0;0;0;0;16175
18/02/2025;441254,53;275363,24;409035,38;819563,07;376863,09;103270,56;0;0;28561,07;29058,84;7845,39;7047,31;23332,05;0;0;5461,21;8481,18;316,51;0;0;0;551;52110,63;2146860,53
19/02/2025;391433,42;219165,89;582532,98;1086498,33;423137,95;121608,76;271,34;0;20306,11;62287,71;9167,56;0;21720,02;0;9598,58;0;3597,73;5537,86;0;16121,29;0;0;43575,75;2625127,86
20/02/2025;677682,03;253621,8;143804,34;1501095,96;674506,1;95268,59;4180;0;8389,91;43242,97;4079,42;0;5312,97;0;64318,48;144189,72;94953,65;2388,36;0;0;0;579,5;35519,76;3075451,53
21/02/2025;490024,21;1568917,08;271156,17;3344158,97;648620,87;524086,8;18900;0;28464,24;34850,7;8540,76;3255,59;8968,33;0;23423,16;2093,02;73542,7;9937,81;0;4976,4;0;0;23038,16;6596930,76
22/02/2025;395447,42;410645,65;1539122,87;425169,02;563644,47;197706,63;0;0;1050;14673,36;16078,39;530;3013,7;0;48873,72;0;83731,74;6194,43;6570,38;0;0;2667;137846,76;3457518,12
23/02/2025;247903,89;500;5696,9;5525,74;6203,98;586,38;0;0;6907,88;330;0;0;0;0;0;0;1250;0;0;500;0;0;0;27500,88
24/02/2025;340226,76;90503,42;0;800;2504,23;2500;0;0;0;593,35;0;200;666,2;0;0;0;0;0;0;0;0;0;139908,2;237675,4
25/02/2025;415293,22;647915,1;1316178,11;82018,55;1088717,77;217398,37;1880,84;0;0;56518,79;24157,77;12673,4;36368,15;0;153311,48;0;6532,81;0;600;0;0;554;101587,73;3746412,87
26/02/2025;385734,19;6209487,39;819296,64;0;377017,67;306763,12;0;0;200;49049,49;10848,9;4470,65;7394,01;0;141891,91;11936,03;18180,88;12688,75;0;5908,06;0;1102;218676,82;8194912,32
27/02/2025;1301749,19;8289099;379964,06;30234,25;1230001,61;298927,31;0;0;26;35164,68;3886,92;0;3005;0;280585,25;0;13051,35;1981,42;0;5335;0;0;127307,33;10698569,18
28/02/2025;3690808,04;26645709,27;1062424,08;99066,76;594173,75;328598,23;48657,14;0;0;23148,62;35121,77;0;3448,5;0;1165312,85;170152,09;19870,02;472186,59;0;159087,11;1713,5;0;283520,11;31112190,39
01/03/2025;1355918,22;32801241,26;1199067,3;2932;793231,3;737155,58;20275,16;0;10043,22;54563,41;147883,09;3566,9;40061,61;0;531146,05;188599,45;134357,13;81396,7;0;0;0;280;396506,98;37142307,14
02/03/2025;504658,55;2611415,16;5257,31;0;6887,81;0;112;0;10;2350,47;675;494;0;0;0;0;10298,76;0;0;0;0;0;286,2;2637786,71
03/03/2025;694266,82;1042,95;57765,02;0;65332,43;0;0;0;0;0;0;0;0;0;0;0;0;0;0;0;0;0;0;124140,4
04/03/2025;588177,3;3503381,31;12799,13;0;48475;49780,92;3994,66;0;5348,18;690;1354,52;0;2862,65;0;0;0;2679;0;0;0;0;0;13781,36;3645146,73
05/03/2025;2139230,78;1053002,78;2539,33;6500;3481,88;0;0;0;1752,15;13623;4345,2;0;917,32;0;0;0;0;94,5;0;0;0;407;20243,2;1106906,36
06/03/2025;5355504,56;35106469,61;791237,93;4950;331806,44;427936,5;8250;0;25006,5;40911,79;163865,15;1203;17663,6;600;11076,6;0;210432,87;3502,19;0;0;653;0;72753,29;37218318,47
07/03/2025;5299953,96;36686290,35;562012,13;91272,78;501108,15;339588,36;24,19;0;5140,49;62219,08;16955,58;2952,5;8148,04;0;4375,81;74440,5;99489,73;6262,91;6123,8;0;0;0;48827,89;38515232,29
08/03/2025;2089873,85;17719986,3;476538,29;2860;814505,09;431257,55;0;0;5350;45726,2;39961,25;800;4725,8;0;2521,6;404042,52;48730,87;106391,88;6790,41;7048,77;0;1157;55497,52;20173891,05
09/03/2025;839395,78;91128,57;1952;1750;8146,59;6931,62;0;0;0;3905;0;0;0;0;0;0;0;2000;0;0;0;0;172;115985,78
10/03/2025;2268599,65;3706,45;2993,39;0;9760,97;988,44;0;0;0;0;1800;0;0;0;0;0;0;65;0;0;0;0;5168,2;24482,45
11/03/2025;1532778,03;10150787,88;413888,94;148929,58;741982,36;2860186,4;2420;0;10280,32;48303,03;31808,96;76057,86;22641,15;0;54718;0;60916,48;137953,38;0;5490,75;0;3000;57457,39;14826822,48
12/03/2025;1030891,12;2282580,06;291398,1;184932,21;378482,29;110745,82;0;0;207532,37;51563,65;113462,19;5999,76;7678,77;0;0;36787,63;26307,68;8136,44;0;0;0;304;162286;3868196,97
13/03/2025;657640,15;2642829,6;173492,9;1222933,03;429444,47;177957,01;0;0;11852,55;71713,63;90247,29;0;1007;0;1077,23;0;23246,01;9249,06;0;0;606,7;0;105427,11;4961083,59
14/03/2025;771138,12;606363,26;427121,29;898926,02;800859,58;143183,67;2600;0;45471,15;45663,76;58304,14;300;11313,38;0;790;38434,71;1769,24;40526,5;0;0;0;457;46405,38;3168489,08
15/03/2025;718097,63;1613504,4;386892,11;2510044,99;619929,07;196489,7;4542,86;0;52933,29;59000,56;48035,55;1985;254;0;27923,04;64502,15;39004,67;109290,76;0;0;0;616;87520,41;5822468,56
16/03/2025;378895,5;0;6196,29;118314,73;42371,02;10057,93;0;0;2424,28;2575;386,4;0;0;0;0;0;0;0;0;0;0;0;133,2;182458,85
17/03/2025;521358,02;0;0;0;0;4220;0;0;0;0;0;0;0;0;0;0;0;0;0;0;0;0;0;4220
18/03/2025;440898,77;1043355,09;291711,48;652668,28;614891,77;140633,09;0;2862;53739,08;97308,5;8862,38;4115;40558,28;0;0;45432,97;40545,28;1878,95;1905,34;0;0;610;53428,48;3094505,97
19/03/2025;397413,69;614385,83;454410,45;1455798,77;722166,42;178823,85;1162,5;0;13529,97;51045,89;8316,67;6137,88;4939,5;0;399,74;133913,18;6651,17;6631,49;0;1610,8;1527,64;2168,25;73715,19;3737335,19
20/03/2025;692723,94;537110,65;33052,35;700307,78;313349,47;23329,61;300;1130;0;16992,22;2375;405;3643,8;0;0;0;15395,63;146,24;0;15897,13;0;0;13353,56;1676788,44
21/03/2025;524773,78;1444931,98;784447,34;4145760,68;748098,44;606599,91;3840,32;1930,75;5250;86563,95;21277,63;1240,71;16329,92;0;0;0;119981,04;20983,54;0;0;0;400;35956,49;8043592,7
22/03/2025;415115,05;417698,1;318873,87;408282,64;755897,06;140349,43;52,8;248,23;5710,48;33222,35;15387,09;1754;3393,14;0;0;4808,3;51093,01;1774,62;5790,05;62277,23;0;0;28130,62;2254743,02
23/03/2025;267100,56;0;1864,61;200;7111,89;593,16;0;0;0;320;6889,01;0;0;0;0;0;0;0;0;0;0;0;4917;21895,67
24/03/2025;416828,12;0;0;21599,29;0;0;0;0;0;10645,14;0;0;0;0;0;0;0;0;0;0;0;0;309,6;32554,03
25/03/2025;434482,55;242763,08;347549,11;10970,23;1065869,98;237939,97;0;3000;120;41976,22;12560,83;2250;15231,7;0;0;20930,2;3419,41;1840,23;0;0;0;650;60350,02;2067420,98
26/03/2025;432299,15;1099896,38;1203618,75;82971,95;315116,94;137614,64;14628,25;0;5306,58;37702,62;7157,82;0;905;0;0;0;0;2811,1;0;0;0;1548;294066,08;3203344,11
27/03/2025;367751,16;2076554,17;1372808,66;11621,58;818062,94;212531,02;144,68;0;0;71838,97;15149,29;2000;12476,8;0;1425;0;18636,65;47336;0;202285,49;0;0;63979,61;4926850,86
28/03/2025;1205141,26;8800376,12;361193,72;400;581244,02;83399,99;180;3483,52;304,5;21670,81;78862,24;4552,55;8866,5;0;92546,7;0;10995,19;18873,1;0;18896,08;0;582;252754,82;10339181,86
29/03/2025;681130,54;8835735,59;2525890,35;14924,98;709066,15;236542,93;0;73510;894,38;35017,66;27332,78;0;22719,33;0;452275,9;0;94199,09;1195;0;0;0;346;167083,97;13196734,11
30/03/2025;362604,77;810928,58;145981,68;450;144647,38;77120,47;0;0;0;7710;7796,89;0;577,7;0;0;0;0;0;0;0;0;0;15790,73;1211003,43
31/03/2025;1055956,6;7720;0;0;0;0;0;0;0;0;1189;0;0;0;0;0;0;0;0;0;0;0;6584,9;15493,9
01/04/2025;938069,02;16270964,86;450743,23;750;610981,26;579264,88;6671,84;7010,98;500;28454,9;190248,63;33060,77;23512,5;0;0;74501,04;63402,71;13212,05;0;0;0;0;505161,97;18858441,62
02/04/2025;1082315,16;18278968,75;1164859,84;16730;344347,2;190438,69;4658,82;0;39457,34;68662,8;386803,51;100;13101,07;0;0;0;361,78;66252,9;0;0;0;1149;122001,82;20697893,52
03/04/2025;2512479,07;18601067,68;198218,16;1690;1017971,15;61060,98;0;0;0;66105,06;16780,48;1540;7746,6;0;0;5972,07;31614,15;581,28;1602,13;2483,79;0;400;61964,81;20076798,34
04/04/2025;8895914,58;43614018,59;343140,88;5280,42;434791,38;146941,09;0;2807,52;0;26334,66;12226,38;3474;16041,93;0;0;159387,97;64914,48;69426,8;0;0;0;0;32446,81;44931232,91
05/04/2025;3633048,13;55207838,81;836873,37;116878,89;1326183,09;856602,09;61000;41566,69;10158,3;126818,33;71708;9563,74;6436,74;0;0;107435,32;249981,58;19025,36;0;30940,92;0;200;54516,13;59133727,36
06/04/2025;1341442,1;1066462,27;4850,71;0;1977,1;96981,69;0;0;1500;440;52;0;0;0;0;0;0;0;0;0;0;0;0;1172263,77
07/04/2025;3859173,87;123719,79;7205,51;100;0;47174,96;0;0;0;360;0;0;0;0;0;0;0;0;0;0;0;0;205;178765,26
08/04/2025;2351828,26;17468166,32;368740,27;26493,24;458550,52;164111,22;90;3779,8;1104,02;98232,04;38433,63;9114;24515,08;0;0;0;1696,53;5018,51;1339,02;1000;0;0;50806,29;18721190,49
09/04/2025;1385288,09;4681121,87;478923,92;71114,82;418000,12;65205,97;800;660;2215,1;36125,38;57550,54;0;1765,22;0;0;0;14169,22;20061,15;0;1500;0;589,63;55053,63;5904856,57
10/04/2025;1654730,02;1372115,31;669599,56;406438,29;668621,04;240788,53;0;0;0;10440,69;15850,09;4308;1741,5;0;0;445199,14;5197,95;14620,1;0;6051,31;0;0;26454,69;3887426,2
11/04/2025;1236047,47;1826614,98;279170,98;251733,45;500997,41;2831112,31;0;0;1600;30091,24;97008;78126,81;1856,73;0;2663,49;7260,72;69102,49;4236,26;0;2362,5;2169,42;0;57242,5;6043349,29
12/04/2025;830578,32;2008922,25;438978,89;1280573,14;807758,55;184532,15;0;0;21394,09;66152,19;26276,66;700,83;947;0;0;22361,6;31728,63;49841,6;4906,77;0;0;0;80989,69;5026064,04
13/04/2025;512079,21;3191,07;2388,07;600;30741,41;5140;0;0;0;9185;0;0;0;0;0;0;0;0;0;0;0;0;47742,8;98988,35
14/04/2025;706247,94;0;1899,12;0;24534,07;2069,44;0;0;0;0;0;0;0;0;0;0;0;59899,87;0;0;0;0;10514,3;98916,8
15/04/2025;934500,35;1531795,36;559926,02;1476591,19;466211,33;145621,34;22208,92;0;174827,42;39940,09;23939,17;3050,08;19302,9;0;0;177076,41;14876,67;1185;0;0;0;0;73709,22;4730261,12
16/04/2025;714741,48;1168210,54;305567,12;2742353,27;606911,76;179651,02;2903,86;14287,55;74577,73;36632,22;94474,19;22934,4;12755,62;0;0;141834,36;49159,03;160882,48;0;0;0;749,2;92869,65;5706754
17/04/2025;880352,22;1042876,07;225729,97;2200727,88;1687136,19;239801,85;0;1054,46;47187,95;41464,6;26341,62;500;214,4;0;838;0;32240,4;4771,12;4190,93;0;0;59;23749,39;5578883,83
18/04/2025;466818,04;822144,62;454835,69;3948882,31;853296,73;647912,52;3000;9136,32;4968,31;42601,44;18929,57;606,57;150;0;0;56491,27;60135,91;8665,04;0;21444,4;0;2505,5;39341,77;6995047,97
19/04/2025;492205,4;5189;6844,9;440147,1;78696,74;10958,2;0;0;0;2400;64807,99;0;0;0;0;0;0;0;0;0;0;0;0;609043,93
20/04/2025;376011,94;0;0;32656,87;1777,73;0;0;0;7000;914,91;0;0;1935;0;0;0;0;0;0;0;0;0;1276;45560,51
21/04/2025;435150,08;0;0;4150;0;23136,68;0;0;0;850;0;0;0;0;0;0;0;0;0;0;0;0;0;28136,68
22/04/2025;447339,99;0;0;0;6497,35;0;7312,64;992,54;0;889,99;0;0;480;0;0;0;0;0;0;0;0;0;0;16172,52
23/04/2025;376923,16;424991,42;328295,3;65193,34;686452,2;148657,55;0;2873,82;6352,49;51871;7595,35;7788,94;16946,75;506;0;0;96061,18;86,96;907,46;0;0;1056,2;43824,13;1889460,09
24/04/2025;391951,12;356743,57;1276559,66;19860,25;460848,68;206288,41;0;0;15296,8;74300,65;11667,25;0;13810,76;0;0;67400;366,96;0;0;34783,04;0;63;245509,37;2783498,4
25/04/2025;431857;407630,97;330254,63;17097;1411836,7;110146,3;0;13115,02;0;39899,54;9187,93;0;0;0;0;0;11162,56;17798,01;680;0;0;0;72947,5;2441756,16
26/04/2025;396467,64;2064027,01;920469,36;101519,19;784406,08;367468,44;220;2310;442,31;53967,89;12418,9;1152,78;343,79;126,5;0;325;39542,57;330;153430,54;9119,76;0;0;247897,59;4759517,71
27/04/2025;268719,88;4226,6;0;2952,44;10658,9;7276,66;0;0;0;2496,5;36;0;45;0;0;0;0;0;0;1881,25;0;0;536;30109,35
28/04/2025;311663,23;265428;96959,95;0;0;0;0;0;0;0;0;0;0;0;0;0;0;0;0;0;0;0;0;362387,95
29/04/2025;919312,45;6706885,45;2248146,62;88344,2;539620,91;371790,5;0;1900;0;40850,22;32931,36;12583,46;16250,66;0;0;1800;6865,01;0;0;0;0;0;95007,75;10162976,14
30/04/2025;3027875,11;9981511,75;1015946,82;4591,99;536697,81;67426,71;0;4186,16;5798,31;66855,01;46600;12362,4;35856,92;0;0;0;170076,38;0;0;21366,09;0;1227;334175,6;12304678,95
01/05/2025;921240,36;24255530,34;1821119,85;36406,52;925934,08;674824,2;7625;1560;247,08;54897,49;142884,66;24820,28;12497,61;506;0;9977,57;52267,91;3609,76;2500;32035,91;0;0;568591,52;28627835,78
02/05/2025;2029644,8;534051,25;0;0;2870,36;6354;0;0;0;0;3368,55;0;0;0;0;0;0;0;0;0;0;0;2596,3;549240,46
03/05/2025;856650,11;14812346,31;1360779,16;4029,75;804204,76;393630,45;9633,24;1930,75;40568,59;33331,78;43479,94;790;3619,07;0;0;368346,81;45764,06;900;0;0;0;7257,61;131772,78;18062385,06
04/05/2025;474221,78;453349,87;3806,27;0;4778,75;4240,66;0;0;0;10795,45;764;0;0;0;0;0;7274,31;0;0;0;0;1490,88;4437,3;490937,49
05/05/2025;2192811,77;255155,34;4672,57;0;3522,31;0;0;0;0;877,93;0;0;7781,76;0;0;117,69;0;0;0;0;0;0;22611,1;294738,7
06/05/2025;3295528,19;46536121,83;742237,49;142027,25;694536,38;538720,02;7650;4345,77;0;61893,05;23486,82;9414;21845,25;0;0;0;159328,9;36814,87;0;0;0;0;74526,11;49052947,74
07/05/2025;7556812,48;44701910,51;262723,81;21736,99;442641,04;233887,69;0;0;8314,15;25524,8;48494,36;5036,1;16930,22;0;0;0;21128,81;54674,54;0;786,39;0;1262;75843,46;45920894,87
08/05/2025;4756362,76;47801157,61;299356,17;63367,91;744495,4;416242,88;64084,9;25774,37;2869,99;60895,53;86399,1;3204,64;742,8;0;0;4053,06;47519,8;22245,59;2562,43;33510,14;0;156;62784,86;49741423,18
09/05/2025;2824399,95;11559517,92;972110,01;15411,19;758133,95;112705,72;400;0;176,35;21182,98;17103,95;2009;1944,91;0;0;0;47834,44;54317,31;3021,2;1710,26;0;0;60906,98;13628486,17
10/05/2025;1679911,1;4297435,06;909496,33;173019,72;895414,17;3020427,67;2720;31457;4792,65;154762,67;24406;51294,1;3840,61;0;0;468053,82;98643,77;33180,86;0;0;0;0;75365,24;10244309,67
11/05/2025;804354,48;47407,85;0;2100;386,73;977,74;0;6607,2;0;2720;0;0;0;0;0;0;0;0;0;0;0;0;913;61112,52
12/05/2025;1160505,87;0;0;0;0;0;0;0;0;620;0;0;0;0;0;0;0;0;0;0;0;0;0;620
13/05/2025;765578,65;1733943,85;706320,74;264748,22;620880,28;278231,39;4859,8;0;7037,36;53400,2;17338,88;950;17630,07;0;0;115744,59;9471,58;7383,74;0;5918,08;0;0;50452,65;3894311,43
14/05/2025;565681,34;1202595,97;264090,49;1662386,69;455974,9;84883,46;0;0;21761,17;50338,65;23102,95;0;14240,03;0;0;162052,6;8696,65;8057,63;0;0;0;353;93175,73;4051709,92
15/05/2025;727398,56;1509878,37;363152,99;1265817,44;734114,66;175903,35;2654;819,41;166019,57;11180,86;81632,83;29164,07;755,9;0;0;145927,68;8005,49;9704,13;0;0;888,29;0;110793,48;4616412,52
16/05/2025;664150,89;1384099,95;279117,77;2133826,89;1249843,91;116366,26;10611,9;3444,32;23661,09;9884;16437,33;502,5;9760,38;0;0;10713,71;51885,54;14881,1;1090,06;5769,5;0;0;86887,75;5408783,96
17/05/2025;610481,55;528083,16;273853,4;1504284,93;881417,32;124322,94;400;400;97192,65;19778,54;17359,68;7973,43;430,71;0;0;0;39358,38;15404,36;9000;0;0;600;64227,84;3584087,34
18/05/2025;361052,38;0;0;172502,08;11895,96;819,83;0;0;0;750;36;0;0;0;0;0;0;0;0;0;0;0;0;186003,87
19/05/2025;482254,93;0;0;0;2101,14;27300,82;0;0;0;350;0;0;0;0;0;0;0;0;0;0;0;0;5310,4;35062,36
20/05/2025;738270,28;195599,39;108205,42;1228470,2;501030,98;252268,33;0;773,34;0;41139,54;30955,69;2099;17203,7;0;230433,5;64400;101951,14;19427,78;0;25250,75;0;0;32192,28;2851401,04
21/05/2025;481527,33;1473753,16;183187,21;4859133,56;753232,46;805042,12;0;1530;17148,17;49632,17;7003,25;2000;378;0;0;0;72153,2;5270,96;222,87;1076;0;984;37849,91;8269597,04
22/05/2025;404257,21;75112,53;67579,87;66830,42;658038,6;81246,91;363;3900;3840;14519,13;8843,74;0;915,88;0;0;0;51622,82;2807,82;0;2242,57;0;0;14298,58;1052161,87
23/05/2025;479195,97;304149,85;226455,17;31202,51;1145893,1;81002,09;0;0;1083,93;21161,31;2482,75;0;11893,4;0;0;0;6967,74;1526,73;0;0;0;0;20766,06;1854584,64
24/05/2025;445978,5;209799,68;264417,68;289717,78;730380,51;217792,33;0;0;10649,17;29441,81;11446,96;95,83;0;0;0;0;58953,84;36284,3;537,2;0;0;2056;31826,19;1893399,28
25/05/2025;297625,73;0;0;3586;225542,57;0;0;0;0;4420;0;0;2025;0;0;0;0;0;0;0;0;0;621,6;236195,17
26/05/2025;316617,78;0;0;19772,95;0;0;0;0;0;0;552;0;0;0;0;0;0;0;0;0;0;0;57175,4;77500,35
27/05/2025;347177,1;319141,79;266379,39;1850;432757,59;117780,36;15808,2;0;45761,31;18989,93;6669,11;0;1858,1;0;0;0;66,78;84508,18;2085;4955;0;400;35176,46;1354187,2
28/05/2025;534902,68;530162,71;301534,56;9441,2;466069,93;37095,61;4158;0;4378;17531,24;8006,22;3699,36;552;0;0;0;621,11;6208;0;11447,35;0;1334;34970,12;1437209,41
